"CBSA","CBSA Code","Year","Days with AQI","Good Days","Moderate Days","Unhealthy for Sensitive Groups Days","Unhealthy Days","Very Unhealthy Days","Hazardous Days","Max AQI","90th Percentile AQI","Median AQI","Days CO","Days NO2","Days Ozone","Days PM2.5","Days PM10"
"Aberdeen, SD","10100",2015,121,102,19,0,0,0,0,94,54,32,0,0,0,120,1
"Aberdeen, WA","10140",2015,343,303,40,0,0,0,0,68,51,29,0,0,0,343,0
"Adjuntas, PR","10260",2015,91,80,11,0,0,0,0,64,52,27,0,0,0,91,0
"Adrian, MI","10300",2015,348,201,147,0,0,0,0,92,64,47,0,0,97,251,0
"Akron, OH","10420",2015,365,96,268,1,0,0,0,135,78,57,3,0,24,338,0
"Albany, GA","10500",2015,365,156,208,1,0,0,0,115,69,53,0,0,0,365,0
"Albany, OR","10540",2015,365,272,88,2,3,0,0,189,61,31,0,0,0,365,0
"Albany-Schenectady-Troy, NY","10580",2015,365,250,113,2,0,0,0,107,61,42,0,0,192,173,0
"Albuquerque, NM","10740",2015,365,165,196,4,0,0,0,108,74,51,0,0,237,94,34
"Alexandria, LA","10780",2015,118,87,31,0,0,0,0,69,57,36,0,0,0,118,0
"Allentown-Bethlehem-Easton, PA-NJ","10900",2015,365,122,237,6,0,0,0,119,80,56,0,6,71,288,0
"Altoona, PA","11020",2015,365,168,195,2,0,0,0,108,69,52,0,0,92,273,0
"Amarillo, TX","11100",2015,365,278,86,1,0,0,0,128,60,43,0,0,291,74,0
"Americus, GA","11140",2015,245,236,8,1,0,0,0,129,48,34,0,0,245,0,0
"Ames, IA","11180",2015,213,202,11,0,0,0,0,77,48,36,0,0,213,0,0
"Anchorage, AK","11260",2015,365,234,120,10,1,0,0,155,78,40,0,0,88,231,46
"Ann Arbor, MI","11460",2015,365,190,175,0,0,0,0,99,67,49,0,0,121,244,0
"Appleton, WI","11540",2015,362,242,120,0,0,0,0,98,64,43,0,0,140,222,0
"Ardmore, OK","11620",2015,283,215,67,0,1,0,0,152,57,34,0,0,0,283,0
"Arkadelphia, AR","11660",2015,320,305,15,0,0,0,0,87,45,33,0,0,320,0,0
"Asheville, NC","11700",2015,363,229,133,1,0,0,0,101,64,45,0,0,146,217,0
"Ashtabula, OH","11780",2015,210,168,39,3,0,0,0,143,67,41,0,0,210,0,0
"Athens, OH","11900",2015,57,36,21,0,0,0,0,71,59,38,0,0,0,57,0
"Athens, TN","11940",2015,110,72,38,0,0,0,0,67,59,43,0,0,0,110,0
"Athens-Clarke County, GA","12020",2015,358,229,129,0,0,0,0,97,59,44,0,0,98,260,0
"Atlanta-Sandy Springs-Roswell, GA","12060",2015,365,75,274,14,2,0,0,172,90,60,0,1,84,280,0
"Atlantic City-Hammonton, NJ","12100",2015,360,301,57,2,0,0,0,122,58,38,0,0,301,59,0
"Augusta-Richmond County, GA-SC","12260",2015,365,202,162,1,0,0,0,105,62,47,0,0,125,240,0
"Augusta-Waterville, ME","12300",2015,237,216,21,0,0,0,0,93,49,36,0,0,205,23,9
"Austin-Round Rock, TX","12420",2015,365,193,162,10,0,0,0,150,74,49,0,14,138,213,0
"Bakersfield, CA","12540",2015,365,23,220,93,28,1,0,201,146,84,0,0,208,154,3
"Baltimore-Columbia-Towson, MD","12580",2015,365,130,220,14,1,0,0,156,87,56,0,12,128,225,0
"Bangor, ME","12620",2015,364,254,110,0,0,0,0,100,59,42,0,0,157,207,0
"Baraboo, WI","12660",2015,364,273,91,0,0,0,0,96,58,40,0,0,153,209,2
"Barnstable Town, MA","12700",2015,317,289,24,4,0,0,0,122,49,34,0,0,275,42,0
"Baton Rouge, LA","12940",2015,365,70,278,15,2,0,0,156,83,57,0,0,80,285,0
"Bay City, MI","13020",2015,361,220,141,0,0,0,0,82,61,44,0,0,0,361,0
"Beaumont-Port Arthur, TX","13140",2015,365,190,165,9,1,0,0,164,72,49,0,0,156,209,0
"Beaver Dam, WI","13180",2015,365,273,91,1,0,0,0,101,60,41,0,0,234,130,1
"Beckley, WV","13220",2015,25,20,5,0,0,0,0,53,52,32,0,0,0,25,0
"Bellingham, WA","13380",2015,331,279,52,0,0,0,0,91,53,34,0,0,95,236,0
"Bemidji, MN","13420",2015,362,326,34,2,0,0,0,131,50,23,0,0,0,362,0
"Bend-Redmond, OR","13460",2015,365,295,64,5,1,0,0,163,61,37,0,0,125,240,0
"Bennington, VT","13540",2015,365,276,89,0,0,0,0,97,57,39,0,0,226,139,0
"Berlin, NH-VT","13620",2015,354,285,62,7,0,0,0,140,58,45,0,0,344,10,0
"Billings, MT","13740",2015,325,260,64,1,0,0,0,122,54,37,0,0,0,325,0
"Birmingham-Hoover, AL","13820",2015,365,105,254,6,0,0,0,147,74,55,0,2,45,316,2
"Bishop, CA","13860",2015,365,191,153,12,6,0,3,1482,90,49,0,0,265,55,45
"Bismarck, ND","13900",2015,365,288,70,6,1,0,0,156,61,39,0,3,240,121,1
"Blacksburg-Christiansburg-Radford, VA","13980",2015,357,324,33,0,0,0,0,93,50,39,0,0,357,0,0
"Bloomington, IL","14010",2015,363,304,59,0,0,0,0,90,55,37,0,0,305,58,0
"Bloomington, IN","14020",2015,352,224,126,2,0,0,0,115,62,44,0,0,99,253,0
"Boise City, ID","14260",2015,365,212,136,13,4,0,0,172,71,46,0,18,134,197,16
"Boone, NC","14380",2015,226,188,38,0,0,0,0,85,55,30,0,0,0,226,0
"Boston-Cambridge-Newton, MA-NH","14460",2015,365,113,248,3,1,0,0,156,67,54,0,4,56,305,0
"Boulder, CO","14500",2015,365,253,105,7,0,0,0,129,71,44,0,0,327,37,1
"Bowling Green, KY","14540",2015,365,262,103,0,0,0,0,90,58,42,2,0,194,169,0
"Bozeman, MT","14580",2015,365,284,77,3,1,0,0,183,60,29,10,20,0,335,0
"Brainerd, MN","14660",2015,365,299,64,2,0,0,0,137,55,37,0,0,179,186,0
"Branson, MO","14700",2015,263,236,27,0,0,0,0,79,51,34,0,0,180,83,0
"Bremerton-Silverdale, WA","14740",2015,358,333,25,0,0,0,0,84,44,23,0,0,0,358,0
"Bridgeport-Stamford-Norwalk, CT","14860",2015,365,152,183,24,6,0,0,177,93,53,2,0,108,255,0
"Brookings, SD","15100",2015,360,282,76,2,0,0,0,129,60,38,0,0,227,122,11
"Brownsville-Harlingen, TX","15180",2015,365,197,166,2,0,0,0,108,70,48,0,0,86,279,0
"Brunswick, GA","15260",2015,354,276,78,0,0,0,0,67,54,38,0,0,111,243,0
"Buffalo-Cheektowaga-Niagara Falls, NY","15380",2015,365,156,205,4,0,0,0,119,68,52,0,9,90,266,0
"Burlington, NC","15500",2015,153,103,50,0,0,0,0,67,56,42,0,0,0,153,0
"Burlington-South Burlington, VT","15540",2015,365,278,87,0,0,0,0,100,59,39,0,0,212,153,0
"Butte-Silver Bow, MT","15580",2015,365,239,116,4,6,0,0,175,69,39,0,0,0,329,36
"Cadillac, MI","15620",2015,363,272,89,2,0,0,0,112,59,40,0,0,196,167,0
"Cambridge, MD","15700",2015,365,233,131,1,0,0,0,105,67,45,0,0,211,154,0
"Canton-Massillon, OH","15940",2015,365,207,151,7,0,0,0,108,67,46,1,0,91,273,0
"Cape Coral-Fort Myers, FL","15980",2015,365,276,89,0,0,0,0,90,56,40,0,0,134,230,1
"Carlsbad-Artesia, NM","16100",2015,356,262,94,0,0,0,0,97,67,43,0,3,353,0,0
"Carson City, NV","16180",2015,365,268,96,1,0,0,0,144,71,44,0,0,236,129,0
"Casper, WY","16220",2015,365,329,36,0,0,0,0,96,50,41,0,14,338,13,0
"Ca¤on City, CO","15860",2015,57,57,0,0,0,0,0,37,22,11,0,0,0,0,57
"Cedar Rapids, IA","16300",2015,365,195,169,1,0,0,0,112,67,48,0,0,78,285,2
"Centralia, WA","16500",2015,361,311,49,0,1,0,0,154,53,30,0,0,0,361,0
"Chambersburg-Waynesboro, PA","16540",2015,359,340,19,0,0,0,0,77,47,34,0,0,359,0,0
"Champaign-Urbana, IL","16580",2015,365,217,148,0,0,0,0,90,63,46,0,0,151,214,0
"Charleston, WV","16620",2015,359,281,76,1,1,0,0,167,61,36,0,0,158,94,107
"Charleston-North Charleston, SC","16700",2015,365,255,109,1,0,0,0,114,58,43,0,0,70,295,0
"Charlotte-Concord-Gastonia, NC-SC","16740",2015,365,131,223,11,0,0,0,129,77,54,0,2,143,220,0
"Charlottesville, VA","16820",2015,365,271,94,0,0,0,0,77,57,41,0,0,124,241,0
"Chattanooga, TN-GA","16860",2015,363,168,192,3,0,0,0,133,66,52,0,0,88,275,0
"Cheyenne, WY","16940",2015,365,302,62,0,1,0,0,152,61,43,1,3,310,50,1
"Chicago-Naperville-Elgin, IL-IN-WI","16980",2015,365,39,312,11,3,0,0,195,85,61,0,11,51,288,15
"Chico, CA","17020",2015,365,138,214,12,1,0,0,153,84,55,0,0,198,166,1
"Cincinnati, OH-KY-IN","17140",2015,365,90,264,10,1,0,0,151,84,57,0,12,74,276,3
"Claremont-Lebanon, NH-VT","17200",2015,365,282,83,0,0,0,0,90,58,39,0,0,182,183,0
"Clarksburg, WV","17220",2015,116,65,51,0,0,0,0,86,61,46,0,0,0,116,0
"Clarksville, TN-KY","17300",2015,365,209,156,0,0,0,0,87,62,48,0,0,136,229,0
"Clearlake, CA","17340",2015,363,351,11,1,0,0,0,148,47,36,0,0,359,4,0
"Cleveland, MS","17380",2015,245,226,19,0,0,0,0,90,49,38,0,0,245,0,0
"Cleveland-Elyria, OH","17460",2015,365,92,262,11,0,0,0,133,82,58,0,8,66,274,17
"Clinton, IA","17540",2015,365,114,250,1,0,0,0,146,73,56,0,0,32,333,0
"Coeur d'Alene, ID","17660",2015,324,226,92,3,3,0,0,172,70,40,0,0,0,324,0
"Colorado Springs, CO","17820",2015,365,283,81,1,0,0,0,105,64,44,2,0,351,12,0
"Columbia, MO","17860",2015,214,197,17,0,0,0,0,90,49,38,0,0,214,0,0
"Columbia, SC","17900",2015,365,181,184,0,0,0,0,92,61,51,0,0,91,274,0
"Columbus, GA-AL","17980",2015,363,122,239,2,0,0,0,141,68,54,0,0,28,335,0
"Columbus, IN","18020",2015,365,178,185,2,0,0,0,115,69,51,0,4,78,283,0
"Columbus, OH","18140",2015,365,163,197,5,0,0,0,112,71,52,0,17,101,247,0
"Concord, NH","18180",2015,362,354,7,1,0,0,0,105,45,33,0,0,362,0,0
"Cookeville, TN","18260",2015,118,81,37,0,0,0,0,65,58,37,0,0,0,118,0
"Corning, NY","18500",2015,358,290,68,0,0,0,0,80,56,36,3,0,201,154,0
"Corpus Christi, TX","18580",2015,365,203,160,2,0,0,0,112,67,48,0,0,121,244,0
"Corsicana, TX","18620",2015,364,234,129,1,0,0,0,105,65,43,0,0,161,203,0
"Corvallis, OR","18700",2015,365,314,49,1,1,0,0,154,54,22,0,0,0,365,0
"Craig, CO","18780",2015,141,137,4,0,0,0,0,77,46,36,0,0,141,0,0
"Crawfordsville, IN","18820",2015,118,32,86,0,0,0,0,83,68,55,0,0,0,118,0
"Crescent City, CA","18860",2015,114,101,13,0,0,0,0,72,51,20,0,0,0,114,0
"Crestview-Fort Walton Beach-Destin, FL","18880",2015,365,354,11,0,0,0,0,74,44,33,0,0,350,0,15
"Cullowhee, NC","19000",2015,257,185,72,0,0,0,0,100,62,44,0,0,189,68,0
"Dallas-Fort Worth-Arlington, TX","19100",2015,365,123,198,39,5,0,0,172,105,55,0,5,163,197,0
"Dalton, GA","19140",2015,280,246,33,0,0,1,0,233,52,38,0,0,216,64,0
"Daphne-Fairhope-Foley, AL","19300",2015,264,205,58,1,0,0,0,129,57,39,0,0,169,95,0
"Davenport-Moline-Rock Island, IA-IL","19340",2015,365,63,299,2,1,0,0,153,77,61,0,0,28,268,69
"Dayton, OH","19380",2015,365,165,192,8,0,0,0,108,71,52,0,0,132,233,0
"Decatur, AL","19460",2015,365,241,124,0,0,0,0,93,61,44,0,0,101,264,0
"Decatur, IL","19500",2015,365,228,137,0,0,0,0,100,64,44,0,0,163,202,0
"Deltona-Daytona Beach-Ormond Beach, FL","19660",2015,365,295,70,0,0,0,0,83,55,40,0,0,173,192,0
"Deming, NM","19700",2015,355,351,4,0,0,0,0,75,27,16,0,53,0,0,302
"Denver-Aurora-Lakewood, CO","19740",2015,365,65,274,24,2,0,0,169,94,64,0,60,199,102,4
"Des Moines-West Des Moines, IA","19780",2015,365,251,114,0,0,0,0,99,61,44,0,8,91,265,1
"Detroit-Warren-Dearborn, MI","19820",2015,365,86,263,15,1,0,0,170,82,57,0,2,67,278,18
"Dickinson, ND","19860",2015,365,303,58,3,1,0,0,154,55,37,0,0,279,86,0
"Dodge City, KS","19980",2015,330,324,6,0,0,0,0,64,31,13,0,0,0,0,330
"Dothan, AL","20020",2015,283,241,42,0,0,0,0,74,54,36,0,0,188,95,0
"Douglas, GA","20060",2015,60,46,14,0,0,0,0,65,55,38,0,0,0,60,0
"Dover, DE","20100",2015,365,245,120,0,0,0,0,100,64,44,0,0,201,164,0
"DuBois, PA","20180",2015,336,292,44,0,0,0,0,100,54,38,0,0,336,0,0
"Duluth, MN-WI","20260",2015,365,282,81,2,0,0,0,104,57,42,0,0,156,204,5
"Durango, CO","20420",2015,365,271,92,2,0,0,0,108,64,43,0,2,361,2,0
"Durham-Chapel Hill, NC","20500",2015,364,200,164,0,0,0,0,87,64,48,0,0,124,239,1
"Dyersburg, TN","20540",2015,111,71,40,0,0,0,0,70,57,42,0,0,0,111,0
"Eagle Pass, TX","20580",2015,333,207,126,0,0,0,0,83,61,44,0,0,0,333,0
"East Stroudsburg, PA","20700",2015,364,243,120,1,0,0,0,112,64,42,0,0,202,162,0
"Eau Claire, WI","20740",2015,358,303,54,1,0,0,0,125,54,36,0,0,181,177,0
"Effingham, IL","20820",2015,203,184,19,0,0,0,0,84,50,40,0,0,203,0,0
"El Centro, CA","20940",2015,365,49,274,39,3,0,0,184,105,66,0,1,113,178,73
"El Dorado, AR","20980",2015,119,73,46,0,0,0,0,77,60,43,0,0,0,119,0
"El Paso, TX","21340",2015,365,128,230,7,0,0,0,136,80,54,0,7,170,187,1
"Elizabethtown-Fort Knox, KY","21060",2015,365,175,189,1,0,0,0,105,66,51,0,0,70,295,0
"Elkhart-Goshen, IN","21140",2015,357,175,179,3,0,0,0,124,73,51,0,0,63,294,0
"Elko, NV","21220",2015,359,314,45,0,0,0,0,97,54,30,0,0,112,16,231
"Ellensburg, WA","21260",2015,363,281,78,2,2,0,0,159,64,28,0,0,0,363,0
"Emporia, KS","21380",2015,119,97,22,0,0,0,0,85,55,26,0,0,0,119,0
"Erie, PA","21500",2015,365,221,142,2,0,0,0,115,66,44,0,9,159,197,0
"Espa¤ola, NM","21580",2015,361,299,62,0,0,0,0,90,58,42,0,0,359,2,0
"Eugene, OR","21660",2015,365,213,137,13,2,0,0,199,81,44,0,0,122,243,0
"Eureka-Arcata-Fortuna, CA","21700",2015,365,241,124,0,0,0,0,91,59,40,0,0,145,216,4
"Evanston, WY","21740",2015,365,316,47,2,0,0,0,101,54,41,0,0,354,0,11
"Evansville, IN-KY","21780",2015,365,111,248,6,0,0,0,133,73,55,0,0,62,303,0
"Fairbanks, AK","21820",2015,365,124,178,20,37,6,0,263,154,59,0,0,63,298,4
"Fairmont, WV","21900",2015,119,60,59,0,0,0,0,90,62,49,0,0,0,119,0
"Fallon, NV","21980",2015,261,209,50,2,0,0,0,133,61,44,0,0,261,0,0
"Fargo, ND-MN","22020",2015,365,235,127,3,0,0,0,140,58,46,0,3,102,240,20
"Farmington, NM","22140",2015,365,263,100,2,0,0,0,115,67,44,0,23,337,5,0
"Fayetteville, NC","22180",2015,305,205,100,0,0,0,0,93,61,45,0,0,129,176,0
"Fayetteville-Springdale-Rogers, AR-MO","22220",2015,365,313,52,0,0,0,0,90,54,38,0,0,299,66,0
"Fernley, NV","22280",2015,275,207,64,4,0,0,0,108,71,45,0,0,275,0,0
"Flagstaff, AZ","22380",2015,365,258,103,4,0,0,0,108,74,44,0,0,357,8,0
"Flint, MI","22420",2015,357,203,151,3,0,0,0,131,66,48,0,0,91,266,0
"Florence, SC","22500",2015,305,215,90,0,0,0,0,84,58,44,0,0,161,144,0
"Florence-Muscle Shoals, AL","22520",2015,280,221,59,0,0,0,0,76,56,39,0,0,179,101,0
"Fond du Lac, WI","22540",2015,194,165,29,0,0,0,0,97,58,40,0,0,194,0,0
"Fort Collins, CO","22660",2015,365,177,171,16,1,0,0,165,80,51,0,0,302,63,0
"Fort Madison-Keokuk, IA-IL-MO","22800",2015,118,81,37,0,0,0,0,84,58,44,0,0,0,118,0
"Fort Payne, AL","22840",2015,363,294,68,1,0,0,0,101,55,38,0,0,284,79,0
"Fort Smith, AR-OK","22900",2015,365,304,61,0,0,0,0,93,55,36,0,47,212,80,26
"Fort Wayne, IN","23060",2015,365,139,224,1,1,0,0,176,69,54,0,3,48,314,0
"Fresno, CA","23420",2015,365,38,225,78,23,1,0,205,136,80,0,0,203,158,4
"Gadsden, AL","23460",2015,365,132,226,4,3,0,0,176,68,54,0,0,84,281,0
"Gaffney, SC","23500",2015,318,276,42,0,0,0,0,87,58,37,0,0,318,0,0
"Gainesville, FL","23540",2015,365,291,74,0,0,0,0,74,55,39,0,0,119,246,0
"Gainesville, GA","23580",2015,264,81,183,0,0,0,0,95,69,55,0,0,0,264,0
"Gardnerville Ranchos, NV","23820",2015,314,209,98,5,2,0,0,178,69,41,0,0,0,314,0
"Georgetown, SC","23860",2015,274,272,2,0,0,0,0,55,31,15,0,0,0,0,274
"Gettysburg, PA","23900",2015,365,176,188,1,0,0,0,101,68,51,0,0,162,203,0
"Gillette, WY","23940",2015,365,241,121,2,1,0,0,198,66,46,0,8,172,64,121
"Glenwood Springs, CO","24060",2015,365,259,96,10,0,0,0,133,67,46,0,0,349,11,5
"Goldsboro, NC","24140",2015,197,63,134,0,0,0,0,87,69,53,0,0,0,197,0
"Grand Island, NE","24260",2015,115,98,17,0,0,0,0,83,53,32,0,0,0,115,0
"Grand Junction, CO","24300",2015,365,225,137,3,0,0,0,105,70,48,0,0,264,101,0
"Grand Rapids-Wyoming, MI","24340",2015,365,202,160,2,1,0,0,154,67,48,0,0,123,242,0
"Grants Pass, OR","24420",2015,365,241,118,4,2,0,0,171,69,37,0,0,0,365,0
"Great Falls, MT","24500",2015,347,271,67,3,6,0,0,170,59,35,0,0,0,347,0
"Greeley, CO","24540",2015,365,224,132,9,0,0,0,133,80,47,0,0,324,39,2
"Green Bay, WI","24580",2015,362,235,124,3,0,0,0,122,68,43,0,0,156,206,0
"Greenfield Town, MA","24640",2015,365,233,132,0,0,0,0,100,64,44,0,0,135,230,0
"Greensboro-High Point, NC","24660",2015,364,210,153,1,0,0,0,112,64,47,0,0,143,221,0
"Greenville, NC","24780",2015,258,212,46,0,0,0,0,80,54,41,0,0,173,85,0
"Greenville-Anderson-Mauldin, SC","24860",2015,365,184,179,2,0,0,0,112,71,50,0,18,158,189,0
"Greenwood, SC","24940",2015,266,261,5,0,0,0,0,71,44,32,0,0,266,0,0
"Grenada, MS","24980",2015,116,97,19,0,0,0,0,69,54,34,0,0,0,116,0
"Guayama, PR","25020",2015,110,91,19,0,0,0,0,68,55,25,0,0,0,84,26
"Gulfport-Biloxi-Pascagoula, MS","25060",2015,365,206,157,2,0,0,0,115,64,46,0,0,89,276,0
"Hagerstown-Martinsburg, MD-WV","25180",2015,349,147,201,1,0,0,0,101,71,53,0,0,101,248,0
"Hailey, ID","25200",2015,202,192,8,2,0,0,0,138,34,13,0,0,0,202,0
"Hammond, LA","25220",2015,114,84,30,0,0,0,0,98,57,39,0,0,0,114,0
"Hanford-Corcoran, CA","25260",2015,365,72,223,60,10,0,0,182,119,74,0,0,179,153,33
"Harrisburg-Carlisle, PA","25420",2015,365,89,268,8,0,0,0,124,80,58,0,0,53,312,0
"Harrison, AR","25460",2015,365,329,36,0,0,0,0,90,50,35,0,0,325,40,0
"Harrisonburg, VA","25500",2015,361,306,55,0,0,0,0,90,55,36,0,104,174,83,0
"Hartford-West Hartford-East Hartford, CT","25540",2015,365,165,184,16,0,0,0,147,79,52,0,15,100,250,0
"Hattiesburg, MS","25620",2015,354,177,177,0,0,0,0,78,59,51,0,0,0,354,0
"Helena, MT","25740",2015,365,254,98,8,5,0,0,178,69,44,0,0,196,169,0
"Hermiston-Pendleton, OR","25840",2015,365,246,110,6,3,0,0,160,63,41,0,0,120,245,0
"Hickory-Lenoir-Morganton, NC","25860",2015,362,167,195,0,0,0,0,97,67,52,0,0,113,249,0
"Hilo, HI","25900",2015,365,12,353,0,0,0,0,99,74,63,0,0,0,365,0
"Hobbs, NM","26020",2015,361,278,82,0,1,0,0,159,64,41,0,3,316,42,0
"Holland, MI","26090",2015,243,169,70,4,0,0,0,147,71,42,0,0,165,78,0
"Homosassa Springs, FL","26140",2015,135,115,20,0,0,0,0,69,52,32,0,0,0,135,0
"Hot Springs, AR","26300",2015,120,77,43,0,0,0,0,75,61,46,0,0,0,120,0
"Houghton, MI","26340",2015,118,111,7,0,0,0,0,63,38,17,0,0,0,118,0
"Houma-Thibodaux, LA","26380",2015,365,271,94,0,0,0,0,97,58,39,0,0,157,208,0
"Houston-The Woodlands-Sugar Land, TX","26420",2015,365,82,238,30,14,1,0,203,105,59,0,6,113,238,8
"Huntington, IN","26540",2015,178,175,3,0,0,0,0,71,40,31,0,0,178,0,0
"Huntington-Ashland, WV-KY-OH","26580",2015,365,153,208,4,0,0,0,112,73,52,0,0,75,290,0
"Huntsville, AL","26620",2015,333,265,68,0,0,0,0,87,58,39,0,0,195,85,53
"Idaho Falls, ID","26820",2015,362,315,46,0,1,0,0,159,54,41,0,0,323,39,0
"Indiana, PA","26860",2015,363,300,59,4,0,0,0,119,61,37,0,0,363,0,0
"Indianapolis-Carmel-Anderson, IN","26900",2015,365,122,239,3,1,0,0,159,75,57,0,2,87,276,0
"Iowa City, IA","26980",2015,365,198,166,1,0,0,0,139,64,48,0,0,0,365,0
"Ithaca, NY","27060",2015,351,332,19,0,0,0,0,93,48,35,0,0,351,0,0
"Jackson, MS","27140",2015,365,131,234,0,0,0,0,100,70,54,0,1,54,310,0
"Jackson, TN","27180",2015,110,66,44,0,0,0,0,66,58,43,0,0,0,110,0
"Jackson, WY-ID","27220",2015,365,322,42,1,0,0,0,107,53,42,0,0,349,13,3
"Jacksonville, FL","27260",2015,365,217,147,1,0,0,0,104,62,47,0,3,84,276,2
"Jamestown, ND","27420",2015,361,347,14,0,0,0,0,85,34,13,0,0,0,0,361
"Jamestown-Dunkirk-Fredonia, NY","27460",2015,362,290,67,5,0,0,0,126,61,39,0,0,317,45,0
"Janesville-Beloit, WI","27500",2015,192,165,27,0,0,0,0,100,58,41,0,0,192,0,0
"Jasper, IN","27540",2015,122,65,57,0,0,0,0,79,64,47,0,0,0,118,4
"Jefferson City, MO","27620",2015,214,186,28,0,0,0,0,97,51,41,0,0,214,0,0
"Johnstown, PA","27780",2015,365,130,235,0,0,0,0,97,71,54,0,6,64,294,1
"Joplin, MO","27900",2015,365,307,58,0,0,0,0,98,56,35,0,0,176,0,189
"Juneau, AK","27940",2015,351,262,89,0,0,0,0,92,61,28,0,0,0,349,2
"Kahului-Wailuku-Lahaina, HI","27980",2015,365,310,55,0,0,0,0,77,53,33,0,0,0,365,0
"Kalamazoo-Portage, MI","28020",2015,359,206,152,1,0,0,0,101,66,47,0,0,80,279,0
"Kalispell, MT","28060",2015,365,216,137,3,9,0,0,190,74,44,0,0,138,190,37
"Kansas City, MO-KS","28140",2015,365,102,257,6,0,0,0,123,77,56,0,2,85,256,22
"Kapaa, HI","28180",2015,362,348,14,0,0,0,0,59,41,17,0,113,0,249,0
"Keene, NH","28300",2015,365,224,140,0,1,0,0,155,65,44,0,0,143,222,0
"Kennewick-Richland, WA","28420",2015,362,261,91,8,1,0,1,483,66,37,0,0,68,276,18
"Killeen-Temple, TX","28660",2015,365,309,51,5,0,0,0,133,61,36,0,0,365,0,0
"Kingsport-Bristol-Bristol, TN-VA","28700",2015,365,285,80,0,0,0,0,100,58,39,3,81,207,74,0
"Kingsville, TX","28780",2015,354,218,136,0,0,0,0,95,65,44,0,0,0,354,0
"Kinston, NC","28820",2015,209,185,24,0,0,0,0,80,51,41,0,0,209,0,0
"Klamath Falls, OR","28900",2015,365,213,139,11,1,1,0,205,77,42,0,0,0,365,0
"Knoxville, TN","28940",2015,365,151,212,2,0,0,0,105,71,53,0,0,120,212,33
"Kokomo, IN","29020",2015,346,101,244,1,0,0,0,101,71,58,0,0,0,346,0
"La Crosse-Onalaska, WI-MN","29100",2015,361,280,81,0,0,0,0,98,58,40,0,0,186,175,0
"La Grande, OR","29260",2015,362,254,97,6,5,0,0,191,69,38,0,0,0,362,0
"Laconia, NH","29060",2015,213,201,12,0,0,0,0,90,46,33,0,0,177,36,0
"Lafayette, LA","29180",2015,365,166,199,0,0,0,0,97,66,52,0,0,106,259,0
"Lafayette-West Lafayette, IN","29200",2015,360,185,175,0,0,0,0,99,68,50,0,0,103,257,0
"Lake Charles, LA","29340",2015,365,149,212,3,1,0,0,156,71,53,0,1,109,255,0
"Lake City, FL","29380",2015,321,249,72,0,0,0,0,77,56,39,0,0,184,137,0
"Lake Havasu City-Kingman, AZ","29420",2015,364,350,14,0,0,0,0,62,34,17,0,0,0,74,290
"Lakeland-Winter Haven, FL","29460",2015,365,248,116,1,0,0,0,105,58,44,0,0,91,274,0
"Lancaster, PA","29540",2015,365,121,234,10,0,0,0,140,85,56,0,2,94,269,0
"Lansing-East Lansing, MI","29620",2015,364,214,148,2,0,0,0,107,63,47,0,0,102,262,0
"Laramie, WY","29660",2015,365,277,88,0,0,0,0,93,61,46,0,0,310,11,44
"Laredo, TX","29700",2015,365,192,173,0,0,0,0,95,67,49,1,0,52,310,2
"Las Cruces, NM","29740",2015,365,109,244,11,1,0,0,157,82,55,0,1,156,168,40
"Las Vegas-Henderson-Paradise, NV","29820",2015,365,90,252,22,1,0,0,151,94,61,0,6,200,155,4
"Lawrenceburg, TN","29980",2015,110,77,33,0,0,0,0,73,55,40,0,0,0,110,0
"Lawton, OK","30020",2015,365,246,119,0,0,0,0,97,63,44,0,0,198,167,0
"Lebanon, PA","30140",2015,365,174,179,12,0,0,0,133,84,52,0,0,178,187,0
"Lewiston, ID-WA","30300",2015,348,229,105,7,5,1,1,354,65,35,0,0,0,348,0
"Lewiston-Auburn, ME","30340",2015,358,236,122,0,0,0,0,97,61,43,0,0,78,280,0
"Lexington, NE","30420",2015,59,57,2,0,0,0,0,62,39,18,0,0,0,0,59
"Lexington-Fayette, KY","30460",2015,364,249,110,5,0,0,0,139,63,43,0,13,156,194,1
"Lima, OH","30620",2015,365,288,76,1,0,0,0,105,58,38,0,0,156,209,0
"Lincoln, NE","30700",2015,261,220,41,0,0,0,0,80,52,40,0,0,184,77,0
"Little Rock-North Little Rock-Conway, AR","30780",2015,365,151,214,0,0,0,0,100,69,53,0,3,84,278,0
"Logan, UT-ID","30860",2015,365,251,108,5,1,0,0,170,69,44,0,5,172,187,1
"Longview, TX","30980",2015,365,324,39,2,0,0,0,143,51,33,0,3,362,0,0
"Longview, WA","31020",2015,362,308,53,1,0,0,0,109,54,27,0,0,0,362,0
"Los Alamos, NM","31060",2015,114,114,0,0,0,0,0,44,26,13,0,0,0,114,0
"Los Angeles-Long Beach-Anaheim, CA","31080",2015,365,2,229,96,37,1,0,203,151,80,0,16,166,181,2
"Louisville/Jefferson County, KY-IN","31140",2015,365,84,268,9,4,0,0,174,77,57,0,0,64,301,0
"Ludington, MI","31220",2015,183,159,23,1,0,0,0,105,54,39,0,0,183,0,0
"Lynchburg, VA","31340",2015,116,86,30,0,0,0,0,67,56,39,0,0,0,116,0
"Macon, GA","31420",2015,365,192,173,0,0,0,0,87,63,48,0,0,58,307,0
"Madera, CA","31460",2015,365,78,240,43,4,0,0,156,105,64,0,0,193,158,14
"Madison, WI","31540",2015,356,230,125,1,0,0,0,106,64,44,0,0,163,193,0
"Malone, NY","31660",2015,334,318,12,4,0,0,0,119,45,26,0,134,200,0,0
"Manchester-Nashua, NH","31700",2015,365,289,74,2,0,0,0,129,56,41,0,0,242,123,0
"Manitowoc, WI","31820",2015,191,159,27,5,0,0,0,133,67,38,0,0,191,0,0
"Marietta, OH","31930",2015,214,181,32,1,0,0,0,115,61,40,0,0,214,0,0
"Marion, NC","32000",2015,337,220,117,0,0,0,0,89,57,41,0,0,0,337,0
"Marshall, MN","32140",2015,365,310,54,1,0,0,0,119,54,33,0,0,110,255,0
"Marshall, TX","32220",2015,365,251,114,0,0,0,0,96,60,42,0,0,158,207,0
"Mason City, IA","32380",2015,357,352,5,0,0,0,0,58,33,16,0,0,0,0,357
"McAlester, OK","32540",2015,365,260,105,0,0,0,0,100,58,41,0,0,175,190,0
"McAllen-Edinburg-Mission, TX","32580",2015,365,189,175,1,0,0,0,107,68,49,0,0,49,316,0
"Medford, OR","32780",2015,365,191,145,18,8,2,1,319,91,49,0,0,111,254,0
"Memphis, TN-MS-AR","32820",2015,365,161,199,5,0,0,0,129,69,52,0,5,97,263,0
"Merced, CA","32900",2015,365,107,213,41,4,0,0,159,105,61,0,0,188,177,0
"Meridian, MS","32940",2015,241,236,5,0,0,0,0,77,44,32,0,0,241,0,0
"Miami, OK","33060",2015,364,186,178,0,0,0,0,89,62,50,0,0,62,299,3
"Miami-Fort Lauderdale-West Palm Beach, FL","33100",2015,365,171,193,1,0,0,0,101,67,52,0,1,37,305,22
"Michigan City-La Porte, IN","33140",2015,243,177,63,3,0,0,0,126,67,42,0,0,157,86,0
"Middlesborough, KY","33180",2015,261,227,34,0,0,0,0,77,54,39,0,0,225,36,0
"Milwaukee-Waukesha-West Allis, WI","33340",2015,365,185,175,5,0,0,0,122,70,50,0,3,129,233,0
"Minneapolis-St. Paul-Bloomington, MN-WI","33460",2015,365,112,247,6,0,0,0,137,70,54,0,2,50,234,79
"Missoula, MT","33540",2015,365,126,216,14,7,2,0,209,92,56,0,0,46,318,1
"Mobile, AL","33660",2015,363,192,170,1,0,0,0,105,61,48,0,0,64,299,0
"Modesto, CA","33700",2015,365,92,225,43,5,0,0,187,112,62,0,0,164,194,7
"Monroe, LA","33740",2015,335,286,49,0,0,0,0,74,54,33,0,0,250,85,0
"Monroe, MI","33780",2015,118,69,48,1,0,0,0,101,66,44,0,0,0,118,0
"Montgomery, AL","33860",2015,360,135,223,2,0,0,0,115,65,53,0,0,70,290,0
"Morehead City, NC","33980",2015,318,300,18,0,0,0,0,71,46,37,0,0,318,0,0
"Morgantown, WV","34060",2015,254,184,68,2,0,0,0,133,64,43,0,0,177,77,0
"Morristown, TN","34100",2015,245,183,61,1,0,0,0,101,71,44,0,0,245,0,0
"Moscow, ID","34140",2015,265,231,26,2,4,2,0,231,56,14,0,0,0,265,0
"Moses Lake, WA","34180",2015,360,289,67,3,1,0,0,152,58,31,0,0,0,360,0
"Mount Vernon, IL","34500",2015,261,203,57,1,0,0,0,105,61,41,0,0,181,80,0
"Mount Vernon, OH","34540",2015,210,178,28,4,0,0,0,119,61,40,0,0,210,0,0
"Mount Vernon-Anacortes, WA","34580",2015,365,284,80,1,0,0,0,116,55,39,0,0,150,215,0
"Muncie, IN","34620",2015,236,185,50,1,0,0,0,105,59,38,0,0,144,92,0
"Muscatine, IA","34700",2015,365,183,181,1,0,0,0,142,65,50,0,0,0,364,1
"Muskegon, MI","34740",2015,176,139,31,5,1,0,0,159,71,42,0,0,176,0,0
"Muskogee, OK","34780",2015,304,294,10,0,0,0,0,87,38,19,0,0,0,0,304
"Napa, CA","34900",2015,365,158,206,1,0,0,0,108,72,53,1,1,104,257,2
"Naples-Immokalee-Marco Island, FL","34940",2015,363,279,84,0,0,0,0,77,58,39,0,0,115,248,0
"Nashville-Davidson--Murfreesboro--Franklin, TN","34980",2015,365,137,227,1,0,0,0,112,71,53,0,17,64,284,0
"New Castle, IN","35220",2015,121,77,44,0,0,0,0,75,61,38,0,0,0,121,0
"New Castle, PA","35260",2015,365,332,32,1,0,0,0,101,49,33,0,0,334,0,31
"New Haven-Milford, CT","35300",2015,365,161,188,13,3,0,0,169,77,52,0,4,142,219,0
"New Orleans-Metairie, LA","35380",2015,365,118,244,3,0,0,0,115,72,54,0,2,68,295,0
"New York-Newark-Jersey City, NY-NJ-PA","35620",2015,365,82,245,35,3,0,0,166,101,61,0,37,101,227,0
"Niles-Benton Harbor, MI","35660",2015,243,160,79,4,0,0,0,126,69,43,0,0,165,78,0
"Nogales, AZ","35700",2015,365,261,101,3,0,0,0,135,65,38,0,0,0,341,24
"North Port-Sarasota-Bradenton, FL","35840",2015,365,226,138,1,0,0,0,105,63,46,0,0,107,258,0
"Norwich-New London, CT","35980",2015,359,265,82,11,1,0,0,151,61,40,0,0,151,208,0
"Ocala, FL","36100",2015,365,275,90,0,0,0,0,71,57,40,0,0,127,238,0
"Odessa, TX","36220",2015,365,255,110,0,0,0,0,76,57,39,0,0,0,365,0
"Ogden-Clearfield, UT","36260",2015,365,177,169,18,1,0,0,189,88,51,0,2,208,153,2
"Oklahoma City, OK","36420",2015,365,187,176,2,0,0,0,115,73,50,0,19,166,175,5
"Olympia-Tumwater, WA","36500",2015,357,295,62,0,0,0,0,99,58,34,0,0,140,217,0
"Omaha-Council Bluffs, NE-IA","36540",2015,365,144,218,3,0,0,0,122,69,53,0,0,76,242,47
"Orlando-Kissimmee-Sanford, FL","36740",2015,365,233,131,1,0,0,0,101,61,45,0,0,132,232,1
"Othello, WA","36830",2015,356,294,57,2,3,0,0,165,55,27,0,0,0,356,0
"Owensboro, KY","36980",2015,365,168,190,7,0,0,0,115,71,52,0,4,73,288,0
"Oxford, NC","37080",2015,215,168,47,0,0,0,0,87,64,44,0,0,215,0,0
"Oxnard-Thousand Oaks-Ventura, CA","37100",2015,365,119,233,13,0,0,0,126,85,56,0,2,162,198,3
"Paducah, KY-IL","37140",2015,365,194,168,3,0,0,0,115,69,48,0,30,83,250,2
"Pahrump, NV","37220",2015,365,357,7,0,1,0,0,165,30,16,0,0,0,0,365
"Palatka, FL","37260",2015,341,341,0,0,0,0,0,49,20,13,0,0,0,0,341
"Palm Bay-Melbourne-Titusville, FL","37340",2015,365,309,56,0,0,0,0,90,53,39,0,0,215,149,1
"Panama City, FL","37460",2015,365,254,111,0,0,0,0,84,57,43,0,0,110,255,0
"Parkersburg-Vienna, WV","37620",2015,260,176,80,4,0,0,0,129,66,44,0,0,180,80,0
"Payson, AZ","37740",2015,365,258,102,5,0,0,0,129,74,43,0,0,268,8,89
"Pensacola-Ferry Pass-Brent, FL","37860",2015,365,191,174,0,0,0,0,100,62,49,0,0,90,275,0
"Peoria, IL","37900",2015,365,201,164,0,0,0,0,90,66,47,0,0,155,210,0
"Philadelphia-Camden-Wilmington, PA-NJ-DE-MD","37980",2015,365,56,279,28,2,0,0,187,97,61,0,2,95,264,4
"Phoenix-Mesa-Scottsdale, AZ","38060",2015,365,34,261,57,3,0,10,924,112,72,0,4,141,98,122
"Pierre, SD","38180",2015,361,331,28,1,1,0,0,152,43,21,0,0,0,361,0
"Pittsburgh, PA","38300",2015,365,51,288,25,1,0,0,157,93,62,0,0,67,298,0
"Pittsfield, MA","38340",2015,360,215,145,0,0,0,0,95,61,45,0,0,0,360,0
"Platteville, WI","38420",2015,361,253,107,1,0,0,0,107,59,39,0,0,0,361,0
"Pocatello, ID","38540",2015,365,295,66,3,1,0,0,158,56,34,0,0,0,342,23
"Ponca City, OK","38620",2015,362,139,222,1,0,0,0,107,62,53,0,0,58,304,0
"Ponce, PR","38660",2015,365,326,39,0,0,0,0,69,51,24,26,0,0,94,245
"Port Angeles, WA","38820",2015,364,263,101,0,0,0,0,80,58,41,1,0,178,185,0
"Port St. Lucie, FL","38940",2015,365,281,84,0,0,0,0,84,56,40,0,0,159,206,0
"Portland-South Portland, ME","38860",2015,365,231,131,3,0,0,0,136,64,45,0,7,162,195,1
"Portland-Vancouver-Hillsboro, OR-WA","38900",2015,365,208,150,4,3,0,0,180,74,47,0,5,128,231,1
"Portsmouth, OH","39020",2015,365,319,46,0,0,0,0,93,53,16,0,0,0,115,250
"Prescott, AZ","39140",2015,300,235,65,0,0,0,0,100,64,41,0,0,274,26,0
"Price, UT","39220",2015,293,200,91,2,0,0,0,112,64,46,0,0,293,0,0
"Prineville, OR","39260",2015,362,252,102,6,2,0,0,170,68,32,0,0,0,362,0
"Providence-Warwick, RI-MA","39300",2015,365,158,196,9,2,0,0,177,74,52,0,24,105,236,0
"Provo-Orem, UT","39340",2015,365,206,146,13,0,0,0,120,86,48,0,45,213,104,3
"Pueblo, CO","39380",2015,129,120,9,0,0,0,0,95,43,25,0,0,0,111,18
"Pullman, WA","39420",2015,362,297,57,7,1,0,0,185,56,26,0,0,0,362,0
"Quincy, IL-MO","39500",2015,214,193,21,0,0,0,0,93,50,40,0,0,214,0,0
"Racine, WI","39540",2015,185,154,30,1,0,0,0,105,67,39,0,0,185,0,0
"Raleigh, NC","39580",2015,365,138,224,3,0,0,0,105,67,52,0,2,115,248,0
"Rapid City, SD","39660",2015,365,173,188,4,0,0,0,133,65,51,0,1,115,192,57
"Reading, PA","39740",2015,365,148,211,6,0,0,0,119,80,54,0,1,125,239,0
"Red Bluff, CA","39780",2015,365,223,123,18,1,0,0,154,87,47,0,0,304,59,2
"Red Wing, MN","39860",2015,214,202,12,0,0,0,0,87,48,37,0,0,214,0,0
"Redding, CA","39820",2015,365,252,100,12,1,0,0,157,84,44,0,0,351,14,0
"Reno, NV","39900",2015,365,165,188,12,0,0,0,115,80,52,0,2,218,132,13
"Richmond, VA","40060",2015,365,157,205,3,0,0,0,119,67,52,0,6,98,261,0
"Richmond-Berea, KY","40080",2015,112,80,32,0,0,0,0,74,58,39,0,0,0,112,0
"Riverside-San Bernardino-Ontario, CA","40140",2015,365,5,191,118,44,7,0,238,159,97,0,10,180,127,48
"Riverton, WY","40180",2015,365,276,89,0,0,0,0,97,60,45,0,0,323,42,0
"Roanoke, VA","40220",2015,365,234,131,0,0,0,0,92,60,44,0,4,108,253,0
"Rochester, MN","40340",2015,365,274,90,1,0,0,0,116,58,41,0,0,137,228,0
"Rochester, NY","40380",2015,365,236,129,0,0,0,0,93,63,43,0,5,122,238,0
"Rock Springs, WY","40540",2015,365,256,105,4,0,0,0,119,71,45,0,3,331,6,25
"Rockford, IL","40420",2015,362,300,61,1,0,0,0,108,58,36,0,0,295,67,0
"Rockland, ME","40500",2015,178,164,13,1,0,0,0,119,50,36,0,0,178,0,0
"Rocky Mount, NC","40580",2015,347,249,98,0,0,0,0,77,57,43,0,0,94,253,0
"Rome, GA","40660",2015,338,155,183,0,0,0,0,76,63,52,0,0,0,338,0
"Roseburg, OR","40700",2015,365,292,72,1,0,0,0,141,56,26,0,0,0,365,0
"Roswell, NM","40740",2015,114,107,7,0,0,0,0,72,48,23,0,0,0,114,0
"Ruidoso, NM","40760",2015,114,112,2,0,0,0,0,58,31,14,0,0,0,114,0
"Rutland, VT","40860",2015,365,225,137,3,0,0,0,121,69,40,0,35,0,330,0
"Sacramento--Roseville--Arden-Arcade, CA","40900",2015,365,76,249,36,4,0,0,189,101,63,0,0,166,199,0
"Salem, OH","41400",2015,60,60,0,0,0,0,0,50,30,18,0,0,0,0,60
"Salem, OR","41420",2015,365,267,95,1,2,0,0,176,62,37,0,0,132,233,0
"Salinas, CA","41500",2015,365,285,79,1,0,0,0,120,54,41,0,1,169,183,12
"Salisbury, MD-DE","41540",2015,365,231,131,3,0,0,0,115,67,45,0,0,229,136,0
"Salt Lake City, UT","41620",2015,365,160,178,25,2,0,0,154,92,54,0,31,236,91,7
"San Antonio-New Braunfels, TX","41700",2015,365,139,212,11,3,0,0,156,78,53,0,6,114,245,0
"San Diego-Carlsbad, CA","41740",2015,365,46,278,40,1,0,0,156,102,65,0,1,160,202,2
"San Francisco-Oakland-Hayward, CA","41860",2015,365,125,226,14,0,0,0,147,82,55,0,10,103,252,0
"San Jose-Sunnyvale-Santa Clara, CA","41940",2015,365,165,193,7,0,0,0,147,77,52,0,3,150,211,1
"San Juan-Carolina-Caguas, PR","41980",2015,365,290,73,2,0,0,0,146,59,32,23,21,97,85,139
"San Luis Obispo-Paso Robles-Arroyo Grande, CA","42020",2015,365,95,265,5,0,0,0,126,80,58,0,0,129,229,7
"Sandpoint, ID","41760",2015,365,293,60,9,3,0,0,162,63,28,0,0,0,247,118
"Sanford, NC","41820",2015,364,179,185,0,0,0,0,94,64,51,0,0,146,218,0
"Santa Cruz-Watsonville, CA","42100",2015,365,282,83,0,0,0,0,95,59,38,0,0,187,178,0
"Santa Fe, NM","42140",2015,365,308,57,0,0,0,0,80,58,42,0,0,360,5,0
"Santa Maria-Santa Barbara, CA","42200",2015,365,168,196,1,0,0,0,101,69,51,0,3,160,200,2
"Santa Rosa, CA","42220",2015,365,293,72,0,0,0,0,90,58,37,0,0,215,148,2
"Sault Ste. Marie, MI","42300",2015,358,224,134,0,0,0,0,84,58,45,0,0,44,314,0
"Savannah, GA","42340",2015,365,238,127,0,0,0,0,77,60,44,0,0,51,314,0
"Sayre, PA","42380",2015,365,352,13,0,0,0,0,77,44,32,0,2,363,0,0
"Scottsbluff, NE","42420",2015,98,87,11,0,0,0,0,81,53,28,0,0,0,98,0
"Scranton--Wilkes-Barre--Hazleton, PA","42540",2015,365,176,186,3,0,0,0,108,74,51,0,3,120,242,0
"Seattle-Tacoma-Bellevue, WA","42660",2015,365,119,228,15,3,0,0,166,79,55,0,21,69,275,0
"Sebastian-Vero Beach, FL","42680",2015,333,320,13,0,0,0,0,84,45,34,0,0,333,0,0
"Sebring, FL","42700",2015,356,345,11,0,0,0,0,80,44,31,0,0,356,0,0
"Seneca, SC","42860",2015,358,325,33,0,0,0,0,74,49,37,0,0,321,37,0
"Sevierville, TN","42940",2015,364,302,61,1,0,0,0,112,58,43,0,0,364,0,0
"Seymour, IN","42980",2015,167,141,25,1,0,0,0,101,58,41,0,0,167,0,0
"Sheboygan, WI","43100",2015,198,154,33,10,1,0,0,159,80,40,0,0,198,0,0
"Shelton, WA","43220",2015,362,316,45,1,0,0,0,102,53,29,0,0,0,362,0
"Sheridan, WY","43260",2015,365,318,45,2,0,0,0,146,54,40,0,0,253,61,51
"Show Low, AZ","43320",2015,365,316,49,0,0,0,0,100,54,39,0,0,319,13,33
"Shreveport-Bossier City, LA","43340",2015,365,186,178,1,0,0,0,140,67,49,0,0,118,247,0
"Sierra Vista-Douglas, AZ","43420",2015,365,272,93,0,0,0,0,90,64,44,0,0,303,45,17
"Sioux City, IA-NE-SD","43580",2015,365,236,127,2,0,0,0,108,61,44,0,0,133,226,6
"Sioux Falls, SD","43620",2015,365,207,155,3,0,0,0,124,64,47,0,5,61,281,18
"Somerset, KY","43700",2015,263,211,52,0,0,0,0,80,56,39,0,0,179,84,0
"Somerset, PA","43740",2015,287,272,15,0,0,0,0,77,48,34,0,0,287,0,0
"Sonora, CA","43760",2015,364,264,89,11,0,0,0,126,77,43,0,0,364,0,0
"South Bend-Mishawaka, IN-MI","43780",2015,362,147,212,3,0,0,0,134,73,53,0,28,76,258,0
"Spartanburg, SC","43900",2015,364,187,177,0,0,0,0,97,67,49,0,0,93,271,0
"Spokane-Spokane Valley, WA","44060",2015,364,171,175,14,4,0,0,173,77,51,1,0,113,227,23
"Springfield, IL","44100",2015,349,292,57,0,0,0,0,87,55,35,0,0,280,69,0
"Springfield, MA","44140",2015,365,223,136,6,0,0,0,147,68,44,0,8,178,179,0
"Springfield, MO","44180",2015,358,234,124,0,0,0,0,80,61,43,0,0,120,227,11
"Springfield, OH","44220",2015,365,183,175,7,0,0,0,133,71,50,0,0,97,268,0
"St. Cloud, MN","41060",2015,355,306,48,0,1,0,0,151,53,37,0,0,168,187,0
"St. George, UT","41100",2015,365,276,86,3,0,0,0,108,67,43,0,0,335,30,0
"St. Joseph, MO-KS","41140",2015,364,175,189,0,0,0,0,99,66,51,0,0,58,302,4
"St. Louis, MO-IL","41180",2015,365,58,291,14,2,0,0,155,82,60,0,2,74,282,7
"St. Marys, PA","41260",2015,347,324,22,1,0,0,0,101,48,36,0,0,347,0,0
"State College, PA","44300",2015,365,204,159,2,0,0,0,108,69,46,0,3,136,226,0
"Steamboat Springs, CO","44460",2015,364,357,7,0,0,0,0,58,32,13,0,0,0,0,364
"Stockton-Lodi, CA","44700",2015,365,83,246,32,4,0,0,164,100,60,0,0,122,239,4
"Summerville, GA","44900",2015,191,173,18,0,0,0,0,97,49,36,0,0,191,0,0
"Syracuse, NY","45060",2015,365,274,90,1,0,0,0,115,60,37,0,0,228,137,0
"Tahlequah, OK","45140",2015,278,256,22,0,0,0,0,93,48,37,0,0,278,0,0
"Talladega-Sylacauga, AL","45180",2015,107,47,60,0,0,0,0,84,62,52,0,0,0,107,0
"Tallahassee, FL","45220",2015,365,168,197,0,0,0,0,97,64,51,0,0,39,326,0
"Tampa-St. Petersburg-Clearwater, FL","45300",2015,365,153,211,1,0,0,0,119,71,52,0,2,81,282,0
"Taos, NM","45340",2015,363,358,5,0,0,0,0,67,33,17,0,0,0,363,0
"Terre Haute, IN","45460",2015,362,165,196,0,1,0,0,151,67,52,0,0,70,292,0
"Texarkana, TX-AR","45500",2015,118,57,61,0,0,0,0,81,63,51,0,0,0,118,0
"The Dalles, OR","45520",2015,358,300,56,0,2,0,0,158,55,27,0,0,0,358,0
"Toledo, OH","45780",2015,365,200,164,1,0,0,0,113,68,48,0,0,92,273,0
"Topeka, KS","45820",2015,365,312,52,1,0,0,0,108,54,37,0,0,296,57,12
"Torrington, CT","45860",2015,365,279,79,7,0,0,0,147,64,42,0,3,247,114,1
"Traverse City, MI","45900",2015,183,160,21,2,0,0,0,108,58,39,0,0,183,0,0
"Trenton, NJ","45940",2015,365,210,145,10,0,0,0,147,77,46,0,0,201,164,0
"Truckee-Grass Valley, CA","46020",2015,364,213,120,29,2,0,0,166,93,48,0,0,350,14,0
"Tucson, AZ","46060",2015,365,236,128,1,0,0,0,101,71,46,0,1,259,45,60
"Tulsa, OK","46140",2015,365,162,201,2,0,0,0,147,67,52,0,0,131,233,1
"Tupelo, MS","46180",2015,235,228,7,0,0,0,0,74,47,35,0,0,235,0,0
"Tuscaloosa, AL","46220",2015,357,94,263,0,0,0,0,91,67,56,0,0,20,337,0
"Twin Falls, ID","46300",2015,275,236,36,3,0,0,0,141,53,32,0,0,0,275,0
"Tyler, TX","46340",2015,365,319,45,1,0,0,0,108,54,33,0,1,364,0,0
"Ukiah, CA","46380",2015,365,213,148,2,2,0,0,164,61,46,0,0,64,301,0
"Urban Honolulu, HI","46520",2015,365,283,82,0,0,0,0,66,56,39,0,1,102,259,3
"Utica-Rome, NY","46540",2015,365,258,107,0,0,0,0,84,60,42,0,0,187,178,0
"Valdosta, GA","46660",2015,357,166,191,0,0,0,0,89,63,51,0,0,0,357,0
"Vallejo-Fairfield, CA","46700",2015,365,186,175,4,0,0,0,118,74,50,0,6,142,216,1
"Vernal, UT","46860",2015,365,242,121,2,0,0,0,122,67,46,0,0,341,24,0
"Victoria, TX","47020",2015,357,323,33,1,0,0,0,105,50,32,0,0,357,0,0
"Vincennes, IN","47180",2015,349,314,35,0,0,0,0,93,51,34,0,0,349,0,0
"Vineland-Bridgeton, NJ","47220",2015,362,317,43,2,0,0,0,108,54,33,0,0,362,0,0
"Vineyard Haven, MA","47240",2015,260,235,23,2,0,0,0,112,50,32,0,0,193,67,0
"Virginia Beach-Norfolk-Newport News, VA-NC","47260",2015,365,235,130,0,0,0,0,93,63,45,0,13,136,216,0
"Visalia-Porterville, CA","47300",2015,365,29,238,78,20,0,0,176,143,80,0,0,191,171,3
"Wabash, IN","47340",2015,358,330,26,2,0,0,0,126,49,35,0,0,358,0,0
"Waco, TX","47380",2015,365,250,112,3,0,0,0,115,64,42,0,1,204,160,0
"Walla Walla, WA","47460",2015,362,286,72,3,1,0,0,153,56,26,0,0,0,362,0
"Walterboro, SC","47500",2015,299,252,47,0,0,0,0,72,52,37,0,0,163,136,0
"Warner Robins, GA","47580",2015,363,202,161,0,0,0,0,96,60,47,0,0,0,363,0
"Washington Court House, OH","47920",2015,327,294,30,3,0,0,0,115,51,37,0,0,327,0,0
"Washington-Arlington-Alexandria, DC-VA-MD-WV","47900",2015,365,85,266,13,1,0,0,156,84,58,0,6,109,250,0
"Waterloo-Cedar Falls, IA","47940",2015,365,87,276,2,0,0,0,111,71,56,0,0,19,346,0
"Watertown, SD","47980",2015,356,276,79,1,0,0,0,138,56,34,0,0,0,307,49
"Watertown-Fort Atkinson, WI","48020",2015,198,171,27,0,0,0,0,93,58,40,0,0,198,0,0
"Watertown-Fort Drum, NY","48060",2015,364,345,19,0,0,0,0,90,47,32,0,0,364,0,0
"Wausau, WI","48140",2015,204,192,12,0,0,0,0,90,48,36,0,0,204,0,0
"Weatherford, OK","48220",2015,135,135,0,0,0,0,0,38,28,15,0,0,0,0,135
"Weirton-Steubenville, WV-OH","48260",2015,365,104,256,5,0,0,0,117,76,58,0,0,58,298,9
"Wenatchee, WA","48300",2015,362,243,116,3,0,0,0,148,65,33,0,0,0,362,0
"Wheeling, WV-OH","48540",2015,365,168,195,2,0,0,0,112,68,52,0,4,75,286,0
"Whitewater-Elkhorn, WI","48580",2015,199,170,28,1,0,0,0,108,58,40,0,0,199,0,0
"Wichita, KS","48620",2015,365,276,89,0,0,0,0,100,61,41,0,14,266,54,31
"Williamsport, PA","48700",2015,363,340,23,0,0,0,0,87,48,34,0,0,362,0,1
"Williston, ND","48780",2015,364,307,49,5,3,0,0,182,56,36,0,0,223,105,36
"Wilmington, NC","48900",2015,354,288,66,0,0,0,0,71,54,38,0,0,140,214,0
"Wilmington, OH","48940",2015,214,182,29,3,0,0,0,119,61,41,0,0,214,0,0
"Winchester, VA-WV","49020",2015,342,213,129,0,0,0,0,86,64,45,0,0,104,238,0
"Winona, MN","49100",2015,120,108,12,0,0,0,0,76,52,24,0,0,0,120,0
"Winston-Salem, NC","49180",2015,365,121,241,3,0,0,0,126,74,55,0,2,94,269,0
"Worcester, MA-CT","49340",2015,365,261,101,3,0,0,0,129,63,41,0,19,205,141,0
"Yakima, WA","49420",2015,363,190,153,16,4,0,0,192,87,48,0,0,0,362,1
"York-Hanover, PA","49620",2015,365,135,221,9,0,0,0,126,82,55,0,5,111,249,0
"Youngstown-Warren-Boardman, OH-PA","49660",2015,365,132,228,4,1,0,0,153,74,54,0,0,97,268,0
"Yuba City, CA","49700",2015,365,157,200,8,0,0,0,119,86,54,1,0,182,182,0
"Yuma, AZ","49740",2015,365,252,99,13,0,1,0,266,77,44,0,0,194,56,115
