"CBSA","CBSA Code","Year","Days with AQI","Good Days","Moderate Days","Unhealthy for Sensitive Groups Days","Unhealthy Days","Very Unhealthy Days","Hazardous Days","Max AQI","90th Percentile AQI","Median AQI","Days CO","Days NO2","Days Ozone","Days PM2.5","Days PM10"
"Aberdeen, SD","10100",2010,119,80,39,0,0,0,0,92,61,41,0,0,0,116,3
"Aberdeen, WA","10140",2010,365,355,10,0,0,0,0,76,38,22,0,0,0,365,0
"Adrian, MI","10300",2010,216,133,82,1,0,0,0,103,71,46,0,0,121,95,0
"Akron, OH","10420",2010,365,79,268,18,0,0,0,140,90,63,1,0,48,316,0
"Albany, GA","10500",2010,357,113,241,2,1,0,0,158,73,56,0,0,0,354,3
"Albany, OR","10540",2010,365,225,140,0,0,0,0,89,66,34,0,0,0,365,0
"Albany-Schenectady-Troy, NY","10580",2010,365,216,140,9,0,0,0,147,72,45,0,0,195,170,0
"Albuquerque, NM","10740",2010,365,53,307,5,0,0,0,146,81,62,0,4,159,164,38
"Alexandria, LA","10780",2010,119,70,49,0,0,0,0,79,62,46,0,0,0,119,0
"Allentown-Bethlehem-Easton, PA-NJ","10900",2010,365,109,229,25,2,0,0,172,97,58,0,4,85,274,2
"Altoona, PA","11020",2010,365,285,71,9,0,0,0,147,71,34,0,0,206,55,104
"Amarillo, TX","11100",2010,365,306,59,0,0,0,0,84,53,42,0,0,266,99,0
"Americus, GA","11140",2010,234,189,43,2,0,0,0,108,64,42,0,0,234,0,0
"Ames, IA","11180",2010,214,200,14,0,0,0,0,90,49,36,0,0,214,0,0
"Anchorage, AK","11260",2010,365,260,100,5,0,0,0,127,64,37,7,0,86,224,48
"Ann Arbor, MI","11460",2010,362,273,88,1,0,0,0,119,67,39,0,0,300,62,0
"Appleton, WI","11540",2010,261,208,49,4,0,0,0,108,61,40,0,0,175,86,0
"Ardmore, OK","11620",2010,364,219,143,2,0,0,0,108,67,46,0,0,171,193,0
"Arkadelphia, AR","11660",2010,359,310,45,4,0,0,0,126,58,35,0,0,359,0,0
"Asheville, NC","11700",2010,364,141,213,10,0,0,0,122,77,54,0,0,111,253,0
"Ashtabula, OH","11780",2010,214,146,50,17,1,0,0,156,93,44,0,0,214,0,0
"Athens, OH","11900",2010,361,290,68,3,0,0,0,119,64,33,0,120,197,44,0
"Athens, TN","11940",2010,353,352,1,0,0,0,0,52,29,18,0,311,0,0,42
"Athens-Clarke County, GA","12020",2010,365,153,207,5,0,0,0,147,77,54,0,0,106,259,0
"Atlanta-Sandy Springs-Roswell, GA","12060",2010,365,50,268,40,7,0,0,182,105,64,0,1,122,242,0
"Atlantic City-Hammonton, NJ","12100",2010,365,233,123,9,0,0,0,150,73,44,0,0,226,139,0
"Augusta-Richmond County, GA-SC","12260",2010,365,135,224,6,0,0,0,136,77,55,0,0,121,244,0
"Augusta-Waterville, ME","12300",2010,237,222,14,1,0,0,0,129,47,36,0,0,212,0,25
"Austin-Round Rock, TX","12420",2010,365,218,137,10,0,0,0,133,70,46,0,0,144,221,0
"Bakersfield, CA","12540",2010,365,43,197,85,38,2,0,202,151,81,0,0,177,185,3
"Baltimore-Columbia-Towson, MD","12580",2010,365,114,198,33,19,1,0,210,115,59,0,3,152,210,0
"Bangor, ME","12620",2010,365,299,66,0,0,0,0,90,57,38,0,0,182,183,0
"Baraboo, WI","12660",2010,270,213,56,1,0,0,0,111,58,40,0,0,193,77,0
"Barnstable Town, MA","12700",2010,267,221,39,6,1,0,0,151,64,40,0,0,208,59,0
"Baton Rouge, LA","12940",2010,365,52,278,32,3,0,0,192,100,63,0,2,103,259,1
"Bay City, MI","13020",2010,121,86,34,1,0,0,0,103,65,33,0,0,0,121,0
"Beaumont-Port Arthur, TX","13140",2010,365,114,223,26,2,0,0,164,93,55,0,0,136,229,0
"Beaver Dam, WI","13180",2010,351,207,141,3,0,0,0,125,68,46,0,0,158,193,0
"Beckley, WV","13220",2010,120,56,64,0,0,0,0,88,63,52,0,0,0,120,0
"Bellingham, WA","13380",2010,355,311,44,0,0,0,0,75,52,32,0,0,89,266,0
"Bend-Redmond, OR","13460",2010,365,328,37,0,0,0,0,86,51,34,0,0,141,224,0
"Bennington, VT","13540",2010,364,283,79,2,0,0,0,101,62,38,0,0,256,108,0
"Berlin, NH-VT","13620",2010,362,294,63,5,0,0,0,129,64,44,0,0,361,1,0
"Billings, MT","13740",2010,365,319,46,0,0,0,0,84,53,26,27,0,0,338,0
"Birmingham-Hoover, AL","13820",2010,365,55,280,25,5,0,0,166,97,63,0,0,97,247,21
"Bishop, CA","13860",2010,365,236,98,13,1,6,11,4909,93,44,0,0,223,80,62
"Bismarck, ND","13900",2010,365,250,115,0,0,0,0,93,62,43,0,3,176,186,0
"Blacksburg-Christiansburg-Radford, VA","13980",2010,348,253,89,6,0,0,0,119,77,43,0,0,348,0,0
"Bloomington, IL","14010",2010,365,271,92,2,0,0,0,112,64,41,0,0,292,73,0
"Bloomington, IN","14020",2010,316,102,208,6,0,0,0,119,78,57,0,0,84,232,0
"Boise City, ID","14260",2010,365,99,261,5,0,0,0,136,73,56,0,14,83,265,3
"Boone, NC","14380",2010,119,67,52,0,0,0,0,75,60,47,0,0,0,119,0
"Boston-Cambridge-Newton, MA-NH","14460",2010,365,121,234,9,1,0,0,157,77,54,0,5,87,273,0
"Boulder, CO","14500",2010,365,226,127,12,0,0,0,143,77,46,5,0,319,41,0
"Bowling Green, KY","14540",2010,365,163,196,6,0,0,0,126,74,52,0,0,182,183,0
"Bozeman, MT","14580",2010,365,239,124,2,0,0,0,124,69,38,1,4,0,360,0
"Brainerd, MN","14660",2010,330,250,79,1,0,0,0,119,58,39,0,0,107,223,0
"Branson, MO","14700",2010,260,186,74,0,0,0,0,93,67,42,0,0,186,74,0
"Breckenridge, CO","14720",2010,312,311,1,0,0,0,0,63,25,12,0,0,0,0,312
"Bremerton-Silverdale, WA","14740",2010,352,279,73,0,0,0,0,90,59,24,0,0,0,352,0
"Bridgeport-Stamford-Norwalk, CT","14860",2010,365,204,132,25,4,0,0,179,93,47,1,35,144,185,0
"Brookings, SD","15100",2010,365,306,59,0,0,0,0,97,60,37,0,0,295,64,6
"Brownsville-Harlingen, TX","15180",2010,361,197,162,2,0,0,0,105,68,48,4,0,92,264,1
"Brunswick, GA","15260",2010,280,216,64,0,0,0,0,93,61,42,0,0,209,63,8
"Bucyrus, OH","15340",2010,280,231,48,1,0,0,0,112,64,41,0,0,280,0,0
"Buffalo-Cheektowaga-Niagara Falls, NY","15380",2010,365,141,215,9,0,0,0,122,80,54,0,6,95,264,0
"Burley, ID","15420",2010,166,133,33,0,0,0,0,84,58,45,0,0,166,0,0
"Burlington, NC","15500",2010,363,144,219,0,0,0,0,92,66,53,0,0,0,363,0
"Burlington-South Burlington, VT","15540",2010,365,259,104,1,1,0,0,162,64,41,0,7,155,203,0
"Butte-Silver Bow, MT","15580",2010,362,224,124,14,0,0,0,139,75,39,0,0,0,314,48
"Cadillac, MI","15620",2010,364,313,51,0,0,0,0,100,56,37,0,0,328,36,0
"Cambridge, MD","15700",2010,355,272,74,8,1,0,0,182,74,40,0,0,355,0,0
"Canton-Massillon, OH","15940",2010,365,98,242,24,1,0,0,156,93,60,3,0,102,260,0
"Cape Coral-Fort Myers, FL","15980",2010,365,220,144,1,0,0,0,101,63,46,0,0,151,210,4
"Carbondale-Marion, IL","16060",2010,44,44,0,0,0,0,0,46,30,20,0,0,0,0,44
"Carlsbad-Artesia, NM","16100",2010,365,275,88,2,0,0,0,101,67,39,0,2,312,51,0
"Carson City, NV","16180",2010,190,149,41,0,0,0,0,90,71,38,0,0,190,0,0
"Casper, WY","16220",2010,121,111,10,0,0,0,0,60,43,22,0,0,0,101,20
"Ca¤on City, CO","15860",2010,54,54,0,0,0,0,0,29,22,14,0,0,0,0,54
"Cedar Rapids, IA","16300",2010,365,145,214,6,0,0,0,113,75,53,0,0,90,275,0
"Centralia, WA","16500",2010,365,336,29,0,0,0,0,64,46,25,0,0,0,365,0
"Chambersburg-Waynesboro, PA","16540",2010,210,150,58,2,0,0,0,122,77,45,0,0,210,0,0
"Champaign-Urbana, IL","16580",2010,352,280,72,0,0,0,0,88,57,35,0,0,261,91,0
"Charleston, WV","16620",2010,365,219,143,2,1,0,0,154,74,44,0,0,147,113,105
"Charleston-North Charleston, SC","16700",2010,365,157,206,2,0,0,0,112,67,52,0,2,84,279,0
"Charlotte-Concord-Gastonia, NC-SC","16740",2010,365,78,249,34,4,0,0,177,101,61,0,1,145,219,0
"Charlottesville, VA","16820",2010,261,151,106,4,0,0,0,129,74,48,0,0,174,87,0
"Chattanooga, TN-GA","16860",2010,361,91,250,19,1,0,0,159,87,60,0,0,112,249,0
"Cheyenne, WY","16940",2010,121,119,2,0,0,0,0,54,38,23,0,0,0,107,14
"Chicago-Naperville-Elgin, IL-IN-WI","16980",2010,365,18,312,33,2,0,0,159,100,71,0,7,58,296,4
"Chico, CA","17020",2010,365,167,185,13,0,0,0,126,84,53,0,0,216,149,0
"Cincinnati, OH-KY-IN","17140",2010,365,19,301,41,4,0,0,172,108,73,0,0,97,268,0
"Claremont-Lebanon, NH-VT","17200",2010,365,281,84,0,0,0,0,94,58,38,0,0,237,128,0
"Clarksburg, WV","17220",2010,111,39,71,1,0,0,0,117,67,56,0,0,0,111,0
"Clarksville, TN-KY","17300",2010,364,193,160,11,0,0,0,147,80,49,0,0,284,80,0
"Clearlake, CA","17340",2010,361,356,5,0,0,0,0,74,44,35,0,0,357,4,0
"Cleveland, MS","17380",2010,365,132,227,6,0,0,0,147,74,54,0,0,84,281,0
"Cleveland, TN","17420",2010,282,282,0,0,0,0,0,49,25,16,0,234,0,0,48
"Cleveland-Elyria, OH","17460",2010,365,47,277,37,4,0,0,161,103,69,1,0,71,293,0
"Clinton, IA","17540",2010,365,69,286,10,0,0,0,125,82,59,0,0,33,332,0
"Coeur d'Alene, ID","17660",2010,180,175,5,0,0,0,0,84,46,37,0,2,178,0,0
"Colorado Springs, CO","17820",2010,365,242,118,4,1,0,0,151,77,46,0,0,342,23,0
"Columbia, MO","17860",2010,214,178,34,2,0,0,0,101,61,40,0,0,214,0,0
"Columbia, SC","17900",2010,365,110,249,6,0,0,0,136,84,56,0,1,110,254,0
"Columbus, GA-AL","17980",2010,365,124,236,3,1,1,0,270,77,56,0,0,83,282,0
"Columbus, OH","18140",2010,365,125,217,22,1,0,0,156,91,56,1,0,138,223,3
"Concord, NH","18180",2010,238,173,62,3,0,0,0,126,64,40,0,0,140,98,0
"Corning, NY","18500",2010,365,260,105,0,0,0,0,100,61,38,3,6,152,204,0
"Corpus Christi, TX","18580",2010,361,208,145,8,0,0,0,126,69,47,0,0,149,212,0
"Corsicana, TX","18620",2010,364,196,167,1,0,0,0,105,67,49,0,0,138,226,0
"Corvallis, OR","18700",2010,364,331,33,0,0,0,0,72,49,20,0,0,0,364,0
"Crescent City, CA","18860",2010,110,109,1,0,0,0,0,57,30,14,0,0,0,77,33
"Crestview-Fort Walton Beach-Destin, FL","18880",2010,365,310,52,3,0,0,0,147,58,37,0,0,365,0,0
"Cullowhee, NC","19000",2010,256,126,127,3,0,0,0,136,77,51,0,0,174,82,0
"Dallas-Fort Worth-Arlington, TX","19100",2010,365,91,246,23,5,0,0,172,93,57,0,13,132,220,0
"Dalton, GA","19140",2010,278,181,88,9,0,0,0,150,77,45,0,0,209,69,0
"Daphne-Fairhope-Foley, AL","19300",2010,274,161,107,6,0,0,0,150,71,47,0,0,172,102,0
"Davenport-Moline-Rock Island, IA-IL","19340",2010,365,76,283,6,0,0,0,117,83,60,0,0,43,254,68
"Dayton, OH","19380",2010,365,94,246,25,0,0,0,140,91,61,0,0,121,244,0
"Decatur, AL","19460",2010,361,109,249,3,0,0,0,108,74,56,0,0,111,250,0
"Decatur, IL","19500",2010,365,167,198,0,0,0,0,99,74,52,0,0,168,197,0
"Deltona-Daytona Beach-Ormond Beach, FL","19660",2010,365,216,148,1,0,0,0,101,61,46,0,0,133,232,0
"Deming, NM","19700",2010,365,342,19,2,0,0,2,411,47,39,0,10,314,0,41
"Denver-Aurora-Lakewood, CO","19740",2010,365,85,242,36,2,0,0,161,101,62,0,53,228,81,3
"Des Moines-West Des Moines, IA","19780",2010,365,176,186,3,0,0,0,116,74,51,0,0,83,282,0
"Detroit-Warren-Dearborn, MI","19820",2010,365,131,212,20,2,0,0,159,90,56,0,6,110,248,1
"Dickinson, ND","19860",2010,354,334,20,0,0,0,0,90,48,38,0,0,329,25,0
"Dodge City, KS","19980",2010,365,365,0,0,0,0,0,49,28,14,0,0,0,0,365
"Dothan, AL","20020",2010,357,125,228,4,0,0,0,115,71,55,0,0,73,284,0
"Douglas, GA","20060",2010,59,32,27,0,0,0,0,85,67,48,0,0,0,59,0
"Dover, DE","20100",2010,307,193,102,9,3,0,0,166,84,44,0,0,227,80,0
"DuBois, PA","20180",2010,206,135,56,15,0,0,0,136,93,45,0,0,206,0,0
"Duluth, MN-WI","20260",2010,365,259,104,2,0,0,0,101,64,41,0,2,212,148,3
"Durango, CO","20420",2010,365,220,135,9,1,0,0,183,80,48,0,8,349,4,4
"Durham-Chapel Hill, NC","20500",2010,364,146,201,17,0,0,0,129,80,53,0,0,105,259,0
"Eagle Pass, TX","20580",2010,313,221,92,0,0,0,0,82,60,39,0,0,0,313,0
"East Stroudsburg, PA","20700",2010,260,150,99,11,0,0,0,136,84,45,0,0,158,102,0
"Eau Claire, WI","20740",2010,44,28,16,0,0,0,0,94,74,39,0,0,0,42,2
"Effingham, IL","20820",2010,195,157,32,6,0,0,0,105,74,44,0,0,195,0,0
"El Centro, CA","20940",2010,365,151,163,51,0,0,0,140,108,57,1,52,258,53,1
"El Dorado, AR","20980",2010,120,38,82,0,0,0,0,96,66,55,0,0,0,120,0
"El Paso, TX","21340",2010,365,95,254,13,3,0,0,191,82,58,0,8,106,243,8
"Elizabethtown-Fort Knox, KY","21060",2010,343,143,195,5,0,0,0,115,71,53,0,0,139,204,0
"Elkhart-Goshen, IN","21140",2010,268,158,108,2,0,0,0,110,76,47,0,0,146,122,0
"Elko, NV","21220",2010,300,294,5,1,0,0,0,139,38,20,0,0,0,36,264
"Ellensburg, WA","21260",2010,365,270,95,0,0,0,0,99,65,26,0,0,0,365,0
"Elmira, NY","21300",2010,363,323,37,3,0,0,0,122,54,35,0,0,363,0,0
"Emporia, KS","21380",2010,121,93,27,1,0,0,0,138,56,31,0,0,0,121,0
"Erie, PA","21500",2010,365,181,175,9,0,0,0,143,76,51,7,26,90,239,3
"Espa¤ola, NM","21580",2010,104,103,1,0,0,0,0,52,22,12,0,0,0,104,0
"Eugene, OR","21660",2010,365,202,158,5,0,0,0,127,72,47,0,0,83,282,0
"Eureka-Arcata-Fortuna, CA","21700",2010,365,348,17,0,0,0,0,75,41,30,5,6,303,50,1
"Evanston, WY","21740",2010,364,286,76,2,0,0,0,135,61,44,0,3,350,0,11
"Evansville, IN-KY","21780",2010,365,64,282,19,0,0,0,122,87,61,2,2,108,253,0
"Fairbanks, AK","21820",2010,355,180,140,27,8,0,0,180,99,48,2,0,0,353,0
"Fairmont, WV","21900",2010,101,31,70,0,0,0,0,99,72,58,0,0,0,101,0
"Fallon, NV","21980",2010,207,186,21,0,0,0,0,80,51,40,0,0,207,0,0
"Fargo, ND-MN","22020",2010,365,225,139,1,0,0,0,124,65,44,2,18,103,225,17
"Farmington, NM","22140",2010,365,240,115,6,2,2,0,251,78,45,0,26,320,17,2
"Fayetteville, NC","22180",2010,362,141,213,7,1,0,0,151,80,54,0,0,117,245,0
"Fayetteville-Springdale-Rogers, AR-MO","22220",2010,365,255,109,1,0,0,0,112,67,42,0,0,278,87,0
"Fernley, NV","22280",2010,192,167,24,1,0,0,0,101,54,37,0,0,192,0,0
"Findlay, OH","22300",2010,61,61,0,0,0,0,0,39,34,22,0,0,0,0,61
"Flagstaff, AZ","22380",2010,363,230,129,4,0,0,0,136,74,47,0,0,337,12,14
"Flint, MI","22420",2010,242,155,84,3,0,0,0,115,74,45,0,0,160,82,0
"Florence, SC","22500",2010,336,222,110,4,0,0,0,112,67,44,0,0,248,88,0
"Florence-Muscle Shoals, AL","22520",2010,355,124,230,1,0,0,0,105,70,54,0,0,87,268,0
"Fond du Lac, WI","22540",2010,207,190,16,1,0,0,0,101,49,39,0,0,207,0,0
"Fort Collins, CO","22660",2010,365,166,178,21,0,0,0,140,90,53,0,0,348,17,0
"Fort Madison-Keokuk, IA-IL-MO","22800",2010,115,51,62,2,0,0,0,115,71,53,0,0,0,115,0
"Fort Payne, AL","22840",2010,358,227,127,4,0,0,0,101,74,44,0,0,288,70,0
"Fort Smith, AR-OK","22900",2010,301,188,112,1,0,0,0,129,71,44,0,20,200,81,0
"Fort Wayne, IN","23060",2010,365,72,284,9,0,0,0,121,84,61,10,0,21,334,0
"Frankfort, KY","23180",2010,122,44,78,0,0,0,0,83,67,55,0,0,0,122,0
"Fresno, CA","23420",2010,365,48,230,65,21,1,0,209,130,71,0,0,167,198,0
"Gadsden, AL","23460",2010,363,69,293,1,0,0,0,104,77,59,0,0,44,319,0
"Gaffney, SC","23500",2010,342,270,68,4,0,0,0,126,71,40,0,0,342,0,0
"Gainesville, FL","23540",2010,365,215,149,1,0,0,0,101,62,46,0,0,122,243,0
"Gainesville, GA","23580",2010,354,94,260,0,0,0,0,99,78,60,0,0,0,354,0
"Gallup, NM","23700",2010,269,269,0,0,0,0,0,31,19,12,0,0,0,0,269
"Gardnerville Ranchos, NV","23820",2010,339,339,0,0,0,0,0,36,16,8,339,0,0,0,0
"Georgetown, SC","23860",2010,364,340,24,0,0,0,0,85,46,22,0,0,0,0,364
"Gettysburg, PA","23900",2010,365,142,211,10,2,0,0,166,84,54,0,0,149,216,0
"Gillette, WY","23940",2010,365,227,137,1,0,0,0,124,69,46,0,2,205,44,114
"Glenwood Springs, CO","24060",2010,365,150,203,11,1,0,0,164,87,54,0,0,364,0,1
"Goldsboro, NC","24140",2010,356,144,212,0,0,0,0,93,64,53,0,0,0,356,0
"Grand Island, NE","24260",2010,113,86,27,0,0,0,0,79,57,35,0,0,0,113,0
"Grand Junction, CO","24300",2010,365,217,142,6,0,0,0,120,74,48,2,0,301,40,22
"Grand Rapids-Wyoming, MI","24340",2010,365,265,95,5,0,0,0,126,71,39,1,0,291,73,0
"Grants Pass, OR","24420",2010,365,287,77,1,0,0,0,103,57,29,0,0,0,365,0
"Great Falls, MT","24500",2010,365,260,105,0,0,0,0,99,59,39,14,0,0,351,0
"Greeley, CO","24540",2010,365,212,146,7,0,0,0,126,77,47,18,0,292,54,1
"Green Bay, WI","24580",2010,356,199,145,11,1,0,0,159,76,47,0,0,104,252,0
"Greensboro-High Point, NC","24660",2010,364,135,210,17,2,0,0,156,87,54,0,0,119,245,0
"Greenville, NC","24780",2010,257,159,95,3,0,0,0,136,74,47,0,0,172,85,0
"Greenville-Anderson-Mauldin, SC","24860",2010,365,106,247,12,0,0,0,129,84,57,0,3,142,220,0
"Greenwood, SC","24940",2010,316,252,64,0,0,0,0,100,64,41,0,0,316,0,0
"Grenada, MS","24980",2010,119,58,61,0,0,0,0,77,62,51,0,0,0,119,0
"Guayama, PR","25020",2010,117,105,12,0,0,0,0,86,51,18,0,0,0,12,105
"Gulfport-Biloxi-Pascagoula, MS","25060",2010,364,128,223,13,0,0,0,140,77,55,0,2,92,270,0
"Hagerstown-Martinsburg, MD-WV","25180",2010,306,118,172,15,1,0,0,161,87,55,0,0,148,158,0
"Hammond, LA","25220",2010,115,64,51,0,0,0,0,71,59,49,0,0,0,115,0
"Hanford-Corcoran, CA","25260",2010,365,30,252,65,15,3,0,208,129,72,0,0,125,239,1
"Harrisburg-Carlisle, PA","25420",2010,365,96,255,13,1,0,0,154,90,61,0,1,48,316,0
"Harrison, AR","25460",2010,365,278,85,2,0,0,0,105,64,40,0,0,324,41,0
"Harrisonburg, VA","25500",2010,362,241,119,2,0,0,0,129,67,43,0,108,169,85,0
"Hartford-West Hartford-East Hartford, CT","25540",2010,365,235,115,13,2,0,0,190,76,43,8,34,134,189,0
"Hattiesburg, MS","25620",2010,115,35,80,0,0,0,0,79,68,55,0,0,0,115,0
"Helena, MT","25740",2010,360,248,98,11,3,0,0,160,72,33,0,0,0,360,0
"Helena-West Helena, AR","25760",2010,120,39,81,0,0,0,0,78,66,55,0,0,0,120,0
"Hermiston-Pendleton, OR","25840",2010,365,245,120,0,0,0,0,93,65,40,0,0,144,220,1
"Hickory-Lenoir-Morganton, NC","25860",2010,364,128,229,7,0,0,0,140,76,56,0,0,90,274,0
"Hilo, HI","25900",2010,365,11,339,13,2,0,0,156,88,69,0,0,0,365,0
"Hobbs, NM","26020",2010,365,326,39,0,0,0,0,68,51,37,0,20,235,107,3
"Holland, MI","26090",2010,244,156,83,5,0,0,0,122,80,44,0,0,171,73,0
"Homosassa Springs, FL","26140",2010,122,81,41,0,0,0,0,69,58,42,0,0,0,122,0
"Hot Springs, AR","26300",2010,121,44,77,0,0,0,0,76,66,54,0,0,0,121,0
"Houghton, MI","26340",2010,112,102,10,0,0,0,0,61,46,14,0,0,0,112,0
"Houma-Thibodaux, LA","26380",2010,364,202,154,8,0,0,0,129,71,48,0,0,166,198,0
"Houston-The Woodlands-Sugar Land, TX","26420",2010,365,56,265,27,17,0,0,179,108,61,0,16,98,251,0
"Huntington, IN","26540",2010,182,159,23,0,0,0,0,90,54,41,0,0,182,0,0
"Huntington-Ashland, WV-KY-OH","26580",2010,365,92,256,16,1,0,0,152,87,59,0,5,90,270,0
"Huntsville, AL","26620",2010,335,205,126,4,0,0,0,136,74,47,0,0,188,97,50
"Idaho Falls, ID","26820",2010,331,286,45,0,0,0,0,77,54,43,0,0,315,16,0
"Indiana, PA","26860",2010,214,133,67,13,1,0,0,159,87,45,0,0,214,0,0
"Indianapolis-Carmel-Anderson, IN","26900",2010,365,50,292,23,0,0,0,143,93,65,0,0,80,284,1
"Iowa City, IA","26980",2010,365,84,277,4,0,0,0,112,78,57,0,0,0,364,1
"Iron Mountain, MI-WI","27020",2010,177,163,14,0,0,0,0,93,50,34,0,0,177,0,0
"Ithaca, NY","27060",2010,345,298,43,4,0,0,0,122,58,37,0,0,345,0,0
"Jackson, MS","27140",2010,362,129,232,1,0,0,0,108,68,54,0,0,55,307,0
"Jackson, TN","27180",2010,58,58,0,0,0,0,0,29,22,15,0,0,0,0,58
"Jackson, WY-ID","27220",2010,365,279,86,0,0,0,0,90,61,44,4,0,348,12,1
"Jacksonville, FL","27260",2010,365,172,188,5,0,0,0,147,71,52,0,0,149,214,2
"Jamestown-Dunkirk-Fredonia, NY","27460",2010,365,271,78,15,1,0,0,159,74,40,0,0,328,37,0
"Janesville-Beloit, WI","27500",2010,214,183,30,1,0,0,0,101,61,41,0,0,214,0,0
"Jasper, IN","27540",2010,119,30,89,0,0,0,0,92,78,58,0,0,0,119,0
"Jefferson City, MO","27620",2010,214,172,41,1,0,0,0,119,61,42,0,0,214,0,0
"Johnstown, PA","27780",2010,365,104,251,10,0,0,0,150,80,58,0,3,43,319,0
"Joplin, MO","27900",2010,365,273,86,6,0,0,0,140,80,39,0,0,203,0,162
"Juneau, AK","27940",2010,359,231,127,1,0,0,0,112,70,35,0,0,0,359,0
"Kahului-Wailuku-Lahaina, HI","27980",2010,343,322,21,0,0,0,0,78,46,24,0,0,0,343,0
"Kalamazoo-Portage, MI","28020",2010,242,148,93,1,0,0,0,119,71,44,0,0,162,80,0
"Kalispell, MT","28060",2010,365,188,177,0,0,0,0,96,66,49,0,0,99,264,2
"Kansas City, MO-KS","28140",2010,365,65,277,23,0,0,0,147,91,61,0,5,115,241,4
"Keene, NH","28300",2010,365,236,128,1,0,0,0,106,69,42,0,0,178,187,0
"Kennewick-Richland, WA","28420",2010,365,311,54,0,0,0,0,78,54,29,0,0,0,356,9
"Killeen-Temple, TX","28660",2010,362,316,40,6,0,0,0,115,58,37,0,0,362,0,0
"Kingsport-Bristol-Bristol, TN-VA","28700",2010,365,221,138,6,0,0,0,133,80,45,1,86,198,80,0
"Kingston, NY","28740",2010,363,317,44,2,0,0,0,115,54,37,0,0,363,0,0
"Kingsville, TX","28780",2010,307,171,136,0,0,0,0,92,64,47,0,0,0,307,0
"Kinston, NC","28820",2010,260,159,99,2,0,0,0,140,71,47,0,0,173,87,0
"Klamath Falls, OR","28900",2010,363,229,130,4,0,0,0,143,70,35,0,0,0,363,0
"Knoxville, TN","28940",2010,365,77,248,40,0,0,0,147,101,61,0,0,189,160,16
"Kokomo, IN","29020",2010,112,44,67,1,0,0,0,113,81,53,0,0,0,112,0
"La Crosse-Onalaska, WI-MN","29100",2010,310,216,93,1,0,0,0,110,64,42,0,0,155,155,0
"La Grande, OR","29260",2010,365,261,103,1,0,0,0,106,61,33,0,0,0,364,1
"Laconia, NH","29060",2010,213,186,24,3,0,0,0,119,55,38,0,0,176,37,0
"Lafayette, LA","29180",2010,365,81,274,10,0,0,0,129,80,58,0,0,77,288,0
"Lafayette-West Lafayette, IN","29200",2010,365,93,266,6,0,0,0,120,82,58,0,0,56,309,0
"Lake Charles, LA","29340",2010,365,147,209,9,0,0,0,147,76,53,0,1,118,246,0
"Lake City, FL","29380",2010,361,147,213,1,0,0,0,101,66,52,0,0,63,298,0
"Lake Havasu City-Kingman, AZ","29420",2010,118,117,1,0,0,0,0,51,28,16,0,0,0,79,39
"Lakeland-Winter Haven, FL","29460",2010,365,180,183,2,0,0,0,122,64,51,0,0,110,254,1
"Lancaster, PA","29540",2010,365,149,188,26,2,0,0,174,94,54,0,12,123,226,4
"Lansing-East Lansing, MI","29620",2010,304,233,70,1,0,0,0,115,65,41,0,14,223,67,0
"Laramie, WY","29660",2010,365,225,137,3,0,0,0,116,71,48,0,0,308,9,48
"Laredo, TX","29700",2010,365,200,165,0,0,0,0,100,67,48,0,0,89,266,10
"Las Cruces, NM","29740",2010,365,120,233,7,1,0,4,690,84,56,0,5,174,92,94
"Las Vegas-Henderson-Paradise, NV","29820",2010,365,118,214,33,0,0,0,147,100,58,0,2,255,108,0
"Laurel, MS","29860",2010,121,20,101,0,0,0,0,90,69,58,0,0,0,121,0
"Lawrenceburg, TN","29980",2010,58,23,35,0,0,0,0,75,64,55,0,0,0,58,0
"Lawton, OK","30020",2010,365,174,189,2,0,0,0,136,67,52,0,0,140,225,0
"Lewiston, ID-WA","30300",2010,365,279,86,0,0,0,0,88,58,34,0,0,0,365,0
"Lewiston-Auburn, ME","30340",2010,365,267,96,1,1,0,0,161,59,39,0,0,97,268,0
"Lexington, NE","30420",2010,58,54,4,0,0,0,0,69,38,19,0,0,0,0,58
"Lexington-Fayette, KY","30460",2010,365,152,206,7,0,0,0,115,74,54,0,6,146,213,0
"Lima, OH","30620",2010,365,194,159,11,1,0,0,154,83,49,0,0,153,209,3
"Lincoln, NE","30700",2010,359,317,41,1,0,0,0,108,52,30,94,0,166,99,0
"Little Rock-North Little Rock-Conway, AR","30780",2010,365,74,283,8,0,0,0,133,80,60,0,2,96,267,0
"Logan, UT-ID","30860",2010,365,119,226,14,6,0,0,164,87,55,0,1,104,260,0
"Longview, TX","30980",2010,364,294,60,10,0,0,0,133,71,37,0,3,361,0,0
"Longview, WA","31020",2010,364,338,26,0,0,0,0,68,46,21,0,0,0,364,0
"Los Alamos, NM","31060",2010,112,112,0,0,0,0,0,39,21,13,0,0,0,112,0
"Los Angeles-Long Beach-Anaheim, CA","31080",2010,365,13,237,100,15,0,0,200,138,79,0,19,149,196,1
"Louisville/Jefferson County, KY-IN","31140",2010,365,59,267,35,4,0,0,183,101,65,0,0,141,224,0
"Lubbock, TX","31180",2010,365,303,62,0,0,0,0,75,53,35,0,0,0,365,0
"Ludington, MI","31220",2010,183,154,27,2,0,0,0,126,61,39,0,0,183,0,0
"Lumberton, NC","31300",2010,121,51,70,0,0,0,0,85,63,52,0,0,0,121,0
"Lynchburg, VA","31340",2010,117,62,55,0,0,0,0,86,64,48,0,0,0,117,0
"Macon, GA","31420",2010,364,84,276,4,0,0,0,133,77,58,0,0,45,319,0
"Madera, CA","31460",2010,364,208,128,18,9,1,0,201,90,47,0,21,262,79,2
"Madison, WI","31540",2010,354,117,233,4,0,0,0,125,76,56,0,0,37,316,1
"Malone, NY","31660",2010,338,337,1,0,0,0,0,67,32,12,0,155,183,0,0
"Manchester-Nashua, NH","31700",2010,365,287,70,8,0,0,0,140,67,39,1,10,319,35,0
"Manhattan, KS","31740",2010,360,313,45,2,0,0,0,136,58,38,0,0,360,0,0
"Manitowoc, WI","31820",2010,241,189,45,5,2,0,0,174,71,38,0,2,182,57,0
"Marietta, OH","31930",2010,214,130,74,10,0,0,0,129,90,46,0,0,214,0,0
"Marion, NC","32000",2010,362,165,197,0,0,0,0,80,64,52,0,0,0,362,0
"Marshall, MN","32140",2010,355,155,197,3,0,0,0,109,71,52,0,0,66,289,0
"Marshall, TX","32220",2010,365,161,195,9,0,0,0,126,71,52,0,0,129,236,0
"Mason City, IA","32380",2010,362,346,16,0,0,0,0,64,38,18,0,0,0,0,362
"McAlester, OK","32540",2010,365,158,206,1,0,0,0,101,70,53,0,0,145,220,0
"McAllen-Edinburg-Mission, TX","32580",2010,362,186,176,0,0,0,0,91,69,50,0,0,75,287,0
"Medford, OR","32780",2010,365,262,103,0,0,0,0,93,62,39,0,0,138,227,0
"Memphis, TN-MS-AR","32820",2010,365,74,267,22,2,0,0,164,90,60,0,3,99,263,0
"Merced, CA","32900",2010,365,106,220,33,6,0,0,177,101,59,0,3,161,198,3
"Meridian, MS","32940",2010,365,121,242,2,0,0,0,108,68,54,0,0,31,334,0
"Miami, OK","33060",2010,361,169,189,3,0,0,0,119,71,51,0,0,130,228,3
"Miami-Fort Lauderdale-West Palm Beach, FL","33100",2010,365,92,268,5,0,0,0,150,71,55,0,1,53,311,0
"Michigan City-La Porte, IN","33140",2010,242,147,92,2,1,0,0,151,77,45,0,0,160,82,0
"Middlesborough, KY","33180",2010,264,158,99,7,0,0,0,115,80,48,0,0,220,44,0
"Milwaukee-Waukesha-West Allis, WI","33340",2010,365,216,135,13,1,0,0,166,77,45,0,31,193,141,0
"Minneapolis-St. Paul-Bloomington, MN-WI","33460",2010,365,114,239,12,0,0,0,128,84,55,0,2,54,306,3
"Minot, ND","33500",2010,90,90,0,0,0,0,0,29,13,5,0,90,0,0,0
"Missoula, MT","33540",2010,365,84,234,40,7,0,0,192,111,61,0,0,15,350,0
"Mobile, AL","33660",2010,363,245,110,8,0,0,0,140,74,42,0,0,188,90,85
"Modesto, CA","33700",2010,365,125,202,32,6,0,0,177,102,58,0,0,178,187,0
"Monroe, LA","33740",2010,363,212,148,3,0,0,0,101,68,45,0,0,198,165,0
"Monroe, MI","33780",2010,123,68,54,1,0,0,0,117,69,47,0,0,0,123,0
"Montgomery, AL","33860",2010,364,106,250,8,0,0,0,129,74,56,0,0,75,288,1
"Morehead City, NC","33980",2010,318,279,38,1,0,0,0,101,54,37,0,0,318,0,0
"Morgantown, WV","34060",2010,259,143,109,7,0,0,0,143,77,49,0,0,171,88,0
"Morristown, TN","34100",2010,241,153,73,15,0,0,0,140,90,46,0,0,241,0,0
"Moscow, ID","34140",2010,277,261,16,0,0,0,0,70,39,13,0,0,0,277,0
"Moses Lake, WA","34180",2010,361,317,44,0,0,0,0,82,53,27,0,0,0,361,0
"Mount Vernon, IL","34500",2010,249,152,86,11,0,0,0,119,87,47,0,0,211,38,0
"Mount Vernon, OH","34540",2010,214,154,56,4,0,0,0,122,74,42,0,0,214,0,0
"Mount Vernon-Anacortes, WA","34580",2010,365,336,21,3,3,2,0,205,47,31,0,10,189,166,0
"Muncie, IN","34620",2010,234,135,97,2,0,0,0,108,74,48,0,0,145,89,0
"Muscatine, IA","34700",2010,365,101,248,13,3,0,0,157,85,57,0,0,0,365,0
"Muskegon, MI","34740",2010,243,163,72,8,0,0,0,129,77,43,0,0,167,76,0
"Muskogee, OK","34780",2010,363,265,98,0,0,0,0,99,61,33,0,0,5,108,250
"Myrtle Beach-Conway-North Myrtle Beach, SC-NC","34820",2010,239,204,34,1,0,0,0,101,58,41,0,0,239,0,0
"Napa, CA","34900",2010,365,215,148,1,1,0,0,159,64,46,0,2,119,244,0
"Naples-Immokalee-Marco Island, FL","34940",2010,362,218,144,0,0,0,0,93,59,46,0,0,83,279,0
"Nashville-Davidson--Murfreesboro--Franklin, TN","34980",2010,365,90,247,27,1,0,0,156,93,58,0,3,125,237,0
"Natchez, MS-LA","35020",2010,283,185,97,1,0,0,0,119,66,44,0,0,178,105,0
"New Castle, IN","35220",2010,117,43,73,1,0,0,0,107,73,55,0,0,0,117,0
"New Castle, PA","35260",2010,365,309,53,2,1,0,0,156,58,33,26,0,188,0,151
"New Haven-Milford, CT","35300",2010,364,204,143,17,0,0,0,140,78,46,0,33,150,181,0
"New Orleans-Metairie, LA","35380",2010,365,55,294,14,2,0,0,169,87,61,0,2,92,271,0
"New York-Newark-Jersey City, NY-NJ-PA","35620",2010,365,57,247,49,11,1,0,208,115,62,0,24,115,224,2
"Niles-Benton Harbor, MI","35660",2010,243,150,88,5,0,0,0,129,77,45,0,0,166,77,0
"Nogales, AZ","35700",2010,165,91,68,6,0,0,0,119,84,47,0,0,0,55,110
"North Port-Sarasota-Bradenton, FL","35840",2010,365,66,293,6,0,0,0,133,72,56,0,0,69,296,0
"Norwich-New London, CT","35980",2010,364,245,111,8,0,0,0,126,68,41,0,0,118,246,0
"Ocala, FL","36100",2010,365,195,168,2,0,0,0,112,63,49,0,0,109,256,0
"Odessa, TX","36220",2010,365,269,96,0,0,0,0,72,56,41,0,0,0,365,0
"Ogden-Clearfield, UT","36260",2010,365,126,214,23,2,0,0,165,90,55,0,14,155,189,7
"Oklahoma City, OK","36420",2010,365,119,235,11,0,0,0,129,77,55,0,9,138,217,1
"Olympia-Tumwater, WA","36500",2010,355,330,25,0,0,0,0,83,46,27,0,0,140,215,0
"Omaha-Council Bluffs, NE-IA","36540",2010,365,95,259,10,1,0,0,176,85,58,0,0,64,213,88
"Orlando-Kissimmee-Sanford, FL","36740",2010,365,139,218,8,0,0,0,136,70,53,0,0,106,259,0
"Othello, WA","36830",2010,336,317,19,0,0,0,0,79,42,23,0,0,0,336,0
"Ottawa-Peru, IL","36860",2010,365,232,133,0,0,0,0,94,63,42,0,0,0,283,82
"Owensboro, KY","36980",2010,365,114,241,10,0,0,0,133,84,57,0,9,119,237,0
"Oxford, NC","37080",2010,214,122,86,6,0,0,0,136,80,48,0,0,214,0,0
"Oxnard-Thousand Oaks-Ventura, CA","37100",2010,365,202,145,14,4,0,0,161,87,48,0,10,298,57,0
"Paducah, KY-IL","37140",2010,365,179,179,7,0,0,0,122,80,51,0,9,161,195,0
"Pahrump, NV","37220",2010,362,332,30,0,0,0,0,82,46,27,0,0,0,0,362
"Palatka, FL","37260",2010,359,357,2,0,0,0,0,57,27,15,0,0,0,0,359
"Palm Bay-Melbourne-Titusville, FL","37340",2010,365,199,166,0,0,0,0,87,61,48,0,0,126,239,0
"Panama City, FL","37460",2010,365,167,192,6,0,0,0,140,71,52,0,0,122,243,0
"Parkersburg-Vienna, WV","37620",2010,261,129,125,7,0,0,0,126,80,51,0,0,169,92,0
"Payson, AZ","37740",2010,362,237,122,3,0,0,0,136,77,44,0,0,190,7,165
"Pensacola-Ferry Pass-Brent, FL","37860",2010,365,129,228,6,2,0,0,156,75,54,0,0,128,237,0
"Peoria, IL","37900",2010,365,114,248,3,0,0,0,105,75,56,0,0,84,281,0
"Philadelphia-Camden-Wilmington, PA-NJ-DE-MD","37980",2010,365,64,253,36,12,0,0,190,108,64,0,5,110,247,3
"Phoenix-Mesa-Scottsdale, AZ","38060",2010,365,52,254,55,2,0,2,1786,112,74,0,34,142,35,154
"Pittsburgh, PA","38300",2010,365,35,269,46,15,0,0,200,117,70,0,0,37,328,0
"Pittsfield, MA","38340",2010,348,224,116,8,0,0,0,133,71,41,0,0,102,246,0
"Platteville, WI","38420",2010,120,67,52,1,0,0,0,124,70,49,0,0,0,120,0
"Pocatello, ID","38540",2010,365,335,30,0,0,0,0,83,47,23,0,0,0,196,169
"Ponca City, OK","38620",2010,364,173,191,0,0,0,0,93,63,51,0,0,104,260,0
"Ponce, PR","38660",2010,122,107,15,0,0,0,0,91,52,26,0,0,0,52,70
"Port Angeles, WA","38820",2010,365,316,49,0,0,0,0,67,52,38,0,0,236,129,0
"Port St. Lucie, FL","38940",2010,363,206,157,0,0,0,0,93,59,48,0,0,86,277,0
"Portland-South Portland, ME","38860",2010,365,263,94,6,2,0,0,177,64,42,0,2,234,128,1
"Portland-Vancouver-Hillsboro, OR-WA","38900",2010,365,237,125,2,1,0,0,172,65,40,0,2,136,227,0
"Portsmouth, OH","39020",2010,365,287,78,0,0,0,0,84,59,24,0,0,0,116,249
"Prescott, AZ","39140",2010,263,219,43,1,0,0,0,122,61,42,0,0,207,56,0
"Prineville, OR","39260",2010,359,278,80,1,0,0,0,102,61,27,0,0,0,359,0
"Providence-Warwick, RI-MA","39300",2010,365,210,141,12,2,0,0,151,78,47,0,3,134,227,1
"Provo-Orem, UT","39340",2010,365,147,204,12,1,1,0,300,84,54,0,21,163,177,4
"Pueblo, CO","39380",2010,142,128,14,0,0,0,0,70,48,31,0,0,0,118,24
"Pullman, WA","39420",2010,365,335,30,0,0,0,0,67,47,24,0,0,0,365,0
"Quincy, IL-MO","39500",2010,353,300,52,1,0,0,0,122,58,37,0,0,308,45,0
"Racine, WI","39540",2010,192,144,42,6,0,0,0,147,84,42,0,0,192,0,0
"Raleigh, NC","39580",2010,365,115,239,11,0,0,0,143,84,56,0,0,123,242,0
"Rapid City, SD","39660",2010,365,271,92,1,1,0,0,193,58,44,0,0,230,93,42
"Reading, PA","39740",2010,365,190,149,23,3,0,0,154,87,50,0,7,140,218,0
"Red Bluff, CA","39780",2010,365,128,219,18,0,0,0,136,90,55,0,0,174,191,0
"Red Wing, MN","39860",2010,188,170,17,1,0,0,0,101,50,38,0,0,188,0,0
"Redding, CA","39820",2010,365,269,81,15,0,0,0,119,84,43,0,0,347,18,0
"Reno, NV","39900",2010,365,221,140,4,0,0,0,122,80,47,0,57,273,24,11
"Richmond, VA","40060",2010,365,140,200,21,4,0,0,182,93,54,0,37,146,182,0
"Richmond-Berea, KY","40080",2010,115,40,75,0,0,0,0,85,65,53,0,0,0,115,0
"Riverside-San Bernardino-Ontario, CA","40140",2010,365,3,200,91,63,8,0,219,172,93,0,4,189,149,23
"Riverton, WY","40180",2010,365,228,136,1,0,0,0,112,71,48,0,0,323,39,3
"Roanoke, VA","40220",2010,365,149,210,6,0,0,0,119,76,53,0,9,93,263,0
"Rochester, MN","40340",2010,360,184,172,4,0,0,0,123,74,50,0,0,90,270,0
"Rochester, NY","40380",2010,365,247,111,7,0,0,0,112,67,41,3,0,193,169,0
"Rock Springs, WY","40540",2010,365,245,117,3,0,0,0,112,66,45,0,5,302,20,38
"Rockford, IL","40420",2010,365,299,64,2,0,0,0,117,58,37,4,0,292,69,0
"Rockland, ME","40500",2010,212,191,18,2,1,0,0,166,50,40,0,0,212,0,0
"Rocky Mount, NC","40580",2010,263,147,112,4,0,0,0,136,77,48,0,0,185,78,0
"Rome, GA","40660",2010,363,54,307,0,2,0,0,156,77,61,0,0,0,363,0
"Roseburg, OR","40700",2010,363,316,47,0,0,0,0,68,52,28,0,0,0,363,0
"Roswell, NM","40740",2010,128,118,10,0,0,0,0,75,47,27,0,0,0,119,9
"Ruidoso, NM","40760",2010,103,100,2,1,0,0,0,127,29,15,0,0,0,103,0
"Russellville, AR","40780",2010,119,39,80,0,0,0,0,94,65,54,0,0,0,119,0
"Rutland, VT","40860",2010,365,233,131,1,0,0,0,109,67,38,1,51,0,313,0
"Sacramento--Roseville--Arden-Arcade, CA","40900",2010,365,96,227,33,8,1,0,207,107,61,0,4,182,178,1
"Salem, OH","41400",2010,61,59,2,0,0,0,0,58,36,23,0,0,0,0,61
"Salem, OR","41420",2010,365,291,73,1,0,0,0,126,57,31,0,0,117,248,0
"Salinas, CA","41500",2010,365,292,73,0,0,0,0,100,55,40,0,3,187,174,1
"Salisbury, MD-DE","41540",2010,305,170,114,16,5,0,0,187,93,48,0,0,249,56,0
"Salt Lake City, UT","41620",2010,365,127,214,16,7,0,1,501,93,56,0,1,137,212,15
"San Antonio-New Braunfels, TX","41700",2010,365,167,187,9,2,0,0,154,74,51,0,8,108,249,0
"San Diego-Carlsbad, CA","41740",2010,365,35,305,21,4,0,0,192,93,64,0,29,125,209,2
"San Francisco-Oakland-Hayward, CA","41860",2010,365,105,246,13,1,0,0,179,79,55,0,11,49,305,0
"San Jose-Sunnyvale-Santa Clara, CA","41940",2010,365,175,177,11,2,0,0,164,71,51,0,3,143,219,0
"San Juan-Carolina-Caguas, PR","41980",2010,365,331,34,0,0,0,0,100,49,30,21,0,116,48,180
"San Luis Obispo-Paso Robles-Arroyo Grande, CA","42020",2010,365,124,207,33,1,0,0,161,97,55,0,0,205,137,23
"Sandpoint, ID","41760",2010,321,319,1,1,0,0,0,106,19,9,0,0,0,0,321
"Santa Cruz-Watsonville, CA","42100",2010,365,311,54,0,0,0,0,95,53,37,0,0,161,204,0
"Santa Fe, NM","42140",2010,365,304,60,1,0,0,0,101,54,44,0,0,354,11,0
"Santa Maria-Santa Barbara, CA","42200",2010,365,219,139,7,0,0,0,143,67,47,0,1,235,128,1
"Santa Rosa, CA","42220",2010,365,268,97,0,0,0,0,93,59,36,0,4,126,234,1
"Sault Ste. Marie, MI","42300",2010,186,145,38,3,0,0,0,118,66,31,0,0,135,51,0
"Savannah, GA","42340",2010,364,154,210,0,0,0,0,100,67,52,0,0,48,316,0
"Scottsbluff, NE","42420",2010,210,175,35,0,0,0,0,80,54,43,0,0,148,62,0
"Scranton--Wilkes-Barre--Hazleton, PA","42540",2010,365,208,148,9,0,0,0,140,75,46,0,15,110,235,5
"Searcy, AR","42620",2010,117,37,80,0,0,0,0,90,66,56,0,0,0,117,0
"Seattle-Tacoma-Bellevue, WA","42660",2010,365,189,173,3,0,0,0,122,68,49,0,0,83,282,0
"Sebastian-Vero Beach, FL","42680",2010,339,288,51,0,0,0,0,90,58,39,0,0,339,0,0
"Sebring, FL","42700",2010,348,312,36,0,0,0,0,97,51,36,0,0,348,0,0
"Seneca, SC","42860",2010,354,276,76,2,0,0,0,119,61,41,0,0,293,61,0
"Sevierville, TN","42940",2010,363,183,153,27,0,0,0,147,97,50,0,0,363,0,0
"Seymour, IN","42980",2010,172,127,43,2,0,0,0,105,74,45,0,0,172,0,0
"Sheboygan, WI","43100",2010,189,146,31,9,3,0,0,166,87,41,0,0,189,0,0
"Shelton, WA","43220",2010,365,316,49,0,0,0,0,76,54,28,0,0,0,365,0
"Sheridan, WY","43260",2010,365,320,45,0,0,0,0,95,54,22,0,0,0,120,245
"Show Low, AZ","43320",2010,364,279,83,2,0,0,0,112,61,44,0,0,359,2,3
"Shreveport-Bossier City, LA","43340",2010,365,153,195,15,2,0,0,161,84,53,0,0,167,198,0
"Sierra Vista-Douglas, AZ","43420",2010,363,244,115,4,0,0,0,112,67,45,0,0,324,37,2
"Silver City, NM","43500",2010,365,290,73,2,0,0,0,126,61,45,0,0,355,10,0
"Sioux City, IA-NE-SD","43580",2010,365,201,161,3,0,0,0,127,73,48,0,0,96,261,8
"Sioux Falls, SD","43620",2010,365,190,174,1,0,0,0,122,74,49,0,3,115,242,5
"Somerset, KY","43700",2010,298,224,74,0,0,0,0,100,62,44,0,0,245,53,0
"Somerset, PA","43740",2010,364,300,58,6,0,0,0,126,64,37,0,0,364,0,0
"Sonora, CA","43760",2010,365,274,83,8,0,0,0,147,80,41,0,0,365,0,0
"South Bend-Mishawaka, IN-MI","43780",2010,355,97,245,13,0,0,0,128,82,58,0,5,46,304,0
"Spartanburg, SC","43900",2010,361,122,221,18,0,0,0,140,90,56,0,0,153,208,0
"Spokane-Spokane Valley, WA","44060",2010,365,184,180,1,0,0,0,103,71,50,0,0,86,269,10
"Springfield, IL","44100",2010,365,272,92,1,0,0,0,105,65,40,41,0,237,87,0
"Springfield, MA","44140",2010,365,184,169,11,1,0,0,164,74,50,0,7,155,203,0
"Springfield, MO","44180",2010,325,213,111,1,0,0,0,101,77,44,7,58,192,67,1
"Springfield, OH","44220",2010,350,123,217,10,0,0,0,136,84,57,0,0,123,227,0
"St. Cloud, MN","41060",2010,359,244,113,2,0,0,0,120,60,40,0,0,118,241,0
"St. George, UT","41100",2010,365,210,147,8,0,0,0,108,80,48,0,0,354,11,0
"St. Joseph, MO-KS","41140",2010,355,131,218,6,0,0,0,136,75,54,0,0,86,262,7
"St. Louis, MO-IL","41180",2010,365,22,297,39,7,0,0,164,108,69,0,0,80,266,19
"St. Marys, PA","41260",2010,358,305,51,2,0,0,0,115,61,37,0,0,358,0,0
"State College, PA","44300",2010,365,187,170,8,0,0,0,133,77,50,0,0,181,184,0
"Steamboat Springs, CO","44460",2010,351,331,20,0,0,0,0,73,37,16,0,0,0,0,351
"Stockton-Lodi, CA","44700",2010,365,168,184,12,1,0,0,174,83,52,0,16,155,194,0
"Summerville, GA","44900",2010,264,203,61,0,0,0,0,97,71,41,0,0,242,0,22
"Syracuse, NY","45060",2010,365,292,67,6,0,0,0,140,67,38,0,0,324,41,0
"Tahlequah, OK","45140",2010,294,227,62,4,1,0,0,151,71,40,0,0,294,0,0
"Talladega-Sylacauga, AL","45180",2010,117,37,80,0,0,0,0,79,66,55,0,0,0,117,0
"Tallahassee, FL","45220",2010,365,111,251,2,1,0,0,160,68,55,0,0,47,318,0
"Tampa-St. Petersburg-Clearwater, FL","45300",2010,365,96,259,9,1,0,0,154,77,56,0,0,102,263,0
"Taos, NM","45340",2010,355,347,8,0,0,0,0,66,36,19,0,0,0,346,9
"Terre Haute, IN","45460",2010,362,108,252,2,0,0,0,115,78,57,0,0,60,302,0
"Texarkana, TX-AR","45500",2010,58,17,41,0,0,0,0,73,71,56,0,0,0,58,0
"The Dalles, OR","45520",2010,365,294,70,1,0,0,0,104,57,25,0,0,0,365,0
"Toledo, OH","45780",2010,360,154,198,7,1,0,0,164,77,53,0,0,90,239,31
"Topeka, KS","45820",2010,365,269,94,2,0,0,0,140,64,41,0,0,243,61,61
"Torrington, CT","45860",2010,365,297,63,4,1,0,0,154,61,38,4,6,322,33,0
"Traverse City, MI","45900",2010,183,140,38,5,0,0,0,112,67,41,0,0,183,0,0
"Trenton, NJ","45940",2010,365,194,138,28,5,0,0,174,97,48,0,3,227,134,1
"Truckee-Grass Valley, CA","46020",2010,365,242,101,21,1,0,0,154,90,44,0,1,342,22,0
"Tucson, AZ","46060",2010,365,204,156,5,0,0,0,141,80,49,0,5,294,9,57
"Tulsa, OK","46140",2010,365,82,275,8,0,0,0,126,84,59,0,0,109,253,3
"Tupelo, MS","46180",2010,365,124,239,2,0,0,0,105,71,54,0,0,66,299,0
"Tuscaloosa, AL","46220",2010,365,47,318,0,0,0,0,90,75,60,0,0,3,362,0
"Twin Falls, ID","46300",2010,351,309,41,1,0,0,0,131,51,32,0,0,0,351,0
"Tyler, TX","46340",2010,365,297,62,6,0,0,0,115,67,38,0,3,362,0,0
"Ukiah, CA","46380",2010,361,250,111,0,0,0,0,75,58,42,0,0,30,305,26
"Urban Honolulu, HI","46520",2010,365,190,174,0,1,0,0,155,59,49,0,1,45,312,7
"Utica-Rome, NY","46540",2010,365,251,113,1,0,0,0,105,65,44,0,0,198,167,0
"Valdosta, GA","46660",2010,332,46,280,4,2,0,0,161,72,59,0,0,0,332,0
"Vallejo-Fairfield, CA","46700",2010,365,242,119,4,0,0,0,136,68,42,0,12,178,175,0
"Vernal, UT","46860",2010,365,156,162,16,18,13,0,219,126,54,0,0,331,34,0
"Victoria, TX","47020",2010,351,320,29,2,0,0,0,112,49,32,0,0,351,0,0
"Vincennes, IN","47180",2010,362,252,106,4,0,0,0,112,72,42,0,0,289,73,0
"Vineland-Bridgeton, NJ","47220",2010,363,236,116,11,0,0,0,143,77,43,0,0,233,130,0
"Vineyard Haven, MA","47240",2010,266,209,47,8,2,0,0,187,67,42,0,0,203,63,0
"Virginia Beach-Norfolk-Newport News, VA-NC","47260",2010,365,160,189,13,3,0,0,179,83,52,0,4,145,216,0
"Visalia-Porterville, CA","47300",2010,365,65,188,78,34,0,0,197,150,72,0,1,193,171,0
"Wabash, IN","47340",2010,357,316,39,2,0,0,0,105,54,38,0,0,357,0,0
"Waco, TX","47380",2010,365,252,111,2,0,0,0,115,61,44,0,0,170,195,0
"Walla Walla, WA","47460",2010,365,281,84,0,0,0,0,79,57,30,0,0,0,336,29
"Walterboro, SC","47500",2010,345,311,32,2,0,0,0,108,50,36,0,0,345,0,0
"Warner Robins, GA","47580",2010,331,79,252,0,0,0,0,99,73,57,0,0,0,331,0
"Washington Court House, OH","47920",2010,352,277,70,5,0,0,0,129,67,40,0,0,352,0,0
"Washington-Arlington-Alexandria, DC-VA-MD-WV","47900",2010,365,101,214,37,13,0,0,187,115,60,0,17,143,203,2
"Waterloo-Cedar Falls, IA","47940",2010,365,156,201,8,0,0,0,113,75,53,0,0,103,262,0
"Watertown, SD","47980",2010,364,310,54,0,0,0,0,99,56,23,0,0,0,103,261
"Watertown-Fort Atkinson, WI","48020",2010,194,168,25,1,0,0,0,108,58,41,0,0,194,0,0
"Watertown-Fort Drum, NY","48060",2010,356,317,29,10,0,0,0,143,51,35,0,0,356,0,0
"Wausau, WI","48140",2010,208,195,13,0,0,0,0,80,49,38,0,0,208,0,0
"Weirton-Steubenville, WV-OH","48260",2010,365,103,248,13,1,0,0,152,87,58,0,0,89,274,2
"Wenatchee, WA","48300",2010,365,251,112,2,0,0,0,121,67,29,0,0,0,365,0
"Wheeling, WV-OH","48540",2010,350,86,255,9,0,0,0,140,87,60,0,0,74,276,0
"Whitewater-Elkhorn, WI","48580",2010,196,165,31,0,0,0,0,100,64,41,0,0,196,0,0
"Wichita Falls, TX","48660",2010,309,253,56,0,0,0,0,65,53,34,0,0,0,309,0
"Wichita, KS","48620",2010,365,226,126,13,0,0,0,122,74,45,0,17,276,57,15
"Williamsport, PA","48700",2010,229,176,47,6,0,0,0,119,71,40,0,0,208,0,21
"Wilmington, NC","48900",2010,360,240,119,1,0,0,0,129,61,44,0,0,111,249,0
"Wilmington, OH","48940",2010,213,115,89,9,0,0,0,133,87,49,0,0,213,0,0
"Winchester, VA-WV","49020",2010,261,155,102,3,1,0,0,159,71,46,0,0,167,94,0
"Winona, MN","49100",2010,118,89,29,0,0,0,0,94,56,31,0,0,0,118,0
"Winston-Salem, NC","49180",2010,365,95,246,21,3,0,0,169,93,58,0,3,105,257,0
"Worcester, MA-CT","49340",2010,365,187,171,7,0,0,0,143,74,50,0,2,167,196,0
"Yakima, WA","49420",2010,365,244,117,4,0,0,0,140,72,34,0,0,0,365,0
"York-Hanover, PA","49620",2010,365,139,206,18,2,0,0,156,90,56,0,14,108,242,1
"Youngstown-Warren-Boardman, OH-PA","49660",2010,365,116,233,15,1,0,0,159,84,58,0,0,114,251,0
"Yuba City, CA","49700",2010,365,163,198,3,1,0,0,177,71,52,0,4,110,251,0
"Yuma, AZ","49740",2010,358,259,91,8,0,0,0,147,80,41,0,0,182,26,150
