"CBSA","CBSA Code","Year","Days with AQI","Good Days","Moderate Days","Unhealthy for Sensitive Groups Days","Unhealthy Days","Very Unhealthy Days","Hazardous Days","Max AQI","90th Percentile AQI","Median AQI","Days CO","Days NO2","Days Ozone","Days PM2.5","Days PM10"
"Aberdeen, SD","10100",2012,123,86,37,0,0,0,0,80,58,37,0,0,0,117,6
"Aberdeen, WA","10140",2012,366,319,47,0,0,0,0,83,53,27,0,0,0,366,0
"Adjuntas, PR","10260",2012,77,72,5,0,0,0,0,70,48,24,0,0,0,77,0
"Adrian, MI","10300",2012,243,124,94,21,4,0,0,187,101,50,0,0,169,74,0
"Akron, OH","10420",2012,366,154,205,6,1,0,0,164,80,56,81,0,73,212,0
"Albany, GA","10500",2012,360,174,184,2,0,0,0,124,67,51,0,0,0,359,1
"Albany, OR","10540",2012,366,285,81,0,0,0,0,92,58,31,0,0,0,366,0
"Albany-Schenectady-Troy, NY","10580",2012,366,260,98,8,0,0,0,143,64,43,1,0,220,145,0
"Albuquerque, NM","10740",2012,366,65,276,23,1,1,0,291,97,63,0,1,190,152,23
"Alexandria, LA","10780",2012,362,62,300,0,0,0,0,90,70,57,0,0,0,362,0
"Allentown-Bethlehem-Easton, PA-NJ","10900",2012,366,95,254,16,1,0,0,151,84,58,0,3,72,290,1
"Altoona, PA","11020",2012,365,139,212,12,2,0,0,161,77,54,0,0,109,254,2
"Amarillo, TX","11100",2012,366,213,140,13,0,0,0,136,80,48,0,0,289,77,0
"Americus, GA","11140",2012,233,204,29,0,0,0,0,97,54,40,0,0,233,0,0
"Ames, IA","11180",2012,214,175,39,0,0,0,0,87,64,43,0,0,214,0,0
"Anchorage, AK","11260",2012,366,234,127,5,0,0,0,127,80,40,0,0,107,210,49
"Ann Arbor, MI","11460",2012,364,249,93,20,2,0,0,164,87,42,0,0,308,56,0
"Appleton, WI","11540",2012,366,194,160,11,1,0,0,182,78,49,0,0,154,212,0
"Ardmore, OK","11620",2012,348,131,199,18,0,0,0,147,87,55,0,0,139,209,0
"Arkadelphia, AR","11660",2012,309,274,34,1,0,0,0,133,54,35,0,0,309,0,0
"Asheville, NC","11700",2012,366,176,186,4,0,0,0,150,74,51,0,0,146,220,0
"Ashtabula, OH","11780",2012,213,150,54,7,2,0,0,179,87,44,0,0,213,0,0
"Athens, OH","11900",2012,55,34,21,0,0,0,0,72,61,45,0,0,0,55,0
"Athens, TN","11940",2012,225,225,0,0,0,0,0,44,29,14,0,195,0,0,30
"Athens-Clarke County, GA","12020",2012,366,169,191,5,1,0,0,153,70,52,0,0,87,279,0
"Atlanta-Sandy Springs-Roswell, GA","12060",2012,366,44,294,19,8,1,0,218,97,65,0,0,108,258,0
"Atlantic City-Hammonton, NJ","12100",2012,356,246,101,7,2,0,0,154,64,41,0,0,228,128,0
"Augusta-Richmond County, GA-SC","12260",2012,366,133,227,5,1,0,0,151,72,53,0,0,65,301,0
"Augusta-Waterville, ME","12300",2012,308,297,11,0,0,0,0,90,44,29,0,94,196,0,18
"Austin-Round Rock, TX","12420",2012,366,178,180,6,2,0,0,172,77,51,0,1,145,220,0
"Bakersfield, CA","12540",2012,366,39,185,92,49,1,0,202,154,85,0,0,189,173,4
"Baltimore-Columbia-Towson, MD","12580",2012,366,103,228,27,7,1,0,204,100,59,0,3,143,220,0
"Bangor, ME","12620",2012,366,294,72,0,0,0,0,87,54,39,0,0,177,189,0
"Baraboo, WI","12660",2012,365,223,136,5,1,0,0,151,74,44,0,0,166,195,4
"Barnstable Town, MA","12700",2012,258,223,28,6,1,0,0,156,56,37,0,0,199,59,0
"Baton Rouge, LA","12940",2012,366,81,257,25,3,0,0,159,97,58,0,1,122,242,1
"Bay City, MI","13020",2012,119,83,36,0,0,0,0,87,61,36,0,0,0,119,0
"Beaumont-Port Arthur, TX","13140",2012,366,146,200,17,2,1,0,207,84,52,0,0,129,237,0
"Beaver Dam, WI","13180",2012,366,193,160,12,1,0,0,179,79,49,0,0,190,176,0
"Beckley, WV","13220",2012,121,72,49,0,0,0,0,68,59,44,0,0,0,121,0
"Bellingham, WA","13380",2012,351,330,21,0,0,0,0,97,42,26,0,0,100,251,0
"Bend-Redmond, OR","13460",2012,366,281,67,1,10,3,4,988,64,39,0,0,123,243,0
"Bennington, VT","13540",2012,366,286,79,1,0,0,0,108,56,39,0,0,185,181,0
"Berlin, NH-VT","13620",2012,365,267,94,4,0,0,0,108,67,45,0,0,363,2,0
"Billings, MT","13740",2012,362,303,59,0,0,0,0,95,54,23,0,0,0,362,0
"Birmingham-Hoover, AL","13820",2012,366,70,276,16,4,0,0,172,87,58,0,0,92,271,3
"Bishop, CA","13860",2012,366,198,139,15,4,2,8,4182,93,49,0,0,267,27,72
"Bismarck, ND","13900",2012,366,261,105,0,0,0,0,76,58,42,0,3,186,174,3
"Blacksburg-Christiansburg-Radford, VA","13980",2012,342,280,60,2,0,0,0,115,58,41,0,0,342,0,0
"Bloomington, IL","14010",2012,359,271,71,17,0,0,0,133,87,38,0,0,359,0,0
"Bloomington, IN","14020",2012,358,178,161,18,1,0,0,151,84,51,0,0,133,225,0
"Boise City, ID","14260",2012,366,251,104,8,2,1,0,215,71,42,6,19,202,64,75
"Boone, NC","14380",2012,120,82,38,0,0,0,0,70,55,42,0,0,0,120,0
"Boston-Cambridge-Newton, MA-NH","14460",2012,366,121,232,11,2,0,0,164,75,55,0,7,69,289,1
"Boulder, CO","14500",2012,359,185,139,31,4,0,0,172,100,50,0,0,331,27,1
"Bowling Green, KY","14540",2012,366,205,144,16,1,0,0,161,77,48,0,0,232,134,0
"Bozeman, MT","14580",2012,366,272,86,8,0,0,0,138,66,33,1,22,0,343,0
"Brainerd, MN","14660",2012,360,261,99,0,0,0,0,99,58,39,0,0,167,193,0
"Branson, MO","14700",2012,265,182,78,5,0,0,0,122,71,44,0,0,192,73,0
"Breckenridge, CO","14720",2012,123,119,4,0,0,0,0,64,31,12,0,0,0,0,123
"Bremerton-Silverdale, WA","14740",2012,317,275,42,0,0,0,0,72,52,25,0,0,0,317,0
"Bridgeport-Stamford-Norwalk, CT","14860",2012,366,194,143,19,10,0,0,179,90,50,0,10,156,199,1
"Brookings, SD","15100",2012,366,267,98,1,0,0,0,112,64,40,0,0,261,70,35
"Brownsville-Harlingen, TX","15180",2012,366,173,193,0,0,0,0,87,65,51,0,0,81,276,9
"Brunswick, GA","15260",2012,264,238,26,0,0,0,0,89,50,36,0,0,208,49,7
"Buffalo-Cheektowaga-Niagara Falls, NY","15380",2012,366,143,209,13,1,0,0,169,77,53,0,0,112,254,0
"Burlington, NC","15500",2012,361,195,166,0,0,0,0,90,61,49,0,0,0,361,0
"Burlington-South Burlington, VT","15540",2012,366,307,59,0,0,0,0,100,56,37,1,13,290,62,0
"Butte-Silver Bow, MT","15580",2012,363,225,125,8,5,0,0,183,80,39,0,0,0,327,36
"Cadillac, MI","15620",2012,366,284,64,18,0,0,0,147,71,38,0,0,333,33,0
"Cambridge, MD","15700",2012,365,253,94,14,3,1,0,208,73,41,5,0,282,78,0
"Canton-Massillon, OH","15940",2012,366,108,237,20,1,0,0,192,85,57,0,0,116,250,0
"Cape Coral-Fort Myers, FL","15980",2012,366,262,104,0,0,0,0,98,58,43,0,0,169,195,2
"Carlsbad-Artesia, NM","16100",2012,349,225,114,9,1,0,0,156,77,45,0,1,307,41,0
"Carson City, NV","16180",2012,207,122,78,7,0,0,0,112,80,48,0,0,207,0,0
"Casper, WY","16220",2012,365,307,57,1,0,0,0,103,56,31,0,116,184,60,5
"Ca¤on City, CO","15860",2012,57,56,1,0,0,0,0,54,30,15,0,0,0,0,57
"Cedar Rapids, IA","16300",2012,366,159,203,4,0,0,0,122,77,52,0,0,117,249,0
"Centralia, WA","16500",2012,366,314,51,1,0,0,0,106,54,28,0,0,0,366,0
"Chambersburg-Waynesboro, PA","16540",2012,273,213,59,1,0,0,0,115,67,40,0,0,273,0,0
"Champaign-Urbana, IL","16580",2012,366,273,85,8,0,0,0,136,77,41,0,0,317,49,0
"Charleston, WV","16620",2012,337,200,124,13,0,0,0,140,80,46,0,0,158,93,86
"Charleston-North Charleston, SC","16700",2012,366,148,217,1,0,0,0,134,66,52,0,1,34,331,0
"Charlotte-Concord-Gastonia, NC-SC","16740",2012,366,100,240,22,3,1,0,206,93,55,0,0,136,230,0
"Charlottesville, VA","16820",2012,366,242,122,2,0,0,0,119,61,44,0,0,123,243,0
"Chattanooga, TN-GA","16860",2012,352,106,235,9,2,0,0,161,80,56,0,0,111,241,0
"Cheyenne, WY","16940",2012,366,225,139,2,0,0,0,108,74,47,0,7,305,53,1
"Chicago-Naperville-Elgin, IL-IN-WI","16980",2012,366,21,295,39,10,1,0,206,115,66,0,10,81,258,17
"Chico, CA","17020",2012,366,116,219,23,8,0,0,199,97,57,0,0,184,182,0
"Cincinnati, OH-KY-IN","17140",2012,366,26,294,37,8,1,0,202,112,63,0,0,100,263,3
"Claremont-Lebanon, NH-VT","17200",2012,366,285,81,0,0,0,0,97,57,38,0,0,229,137,0
"Clarksburg, WV","17220",2012,115,56,59,0,0,0,0,86,61,51,0,0,0,115,0
"Clarksville, TN-KY","17300",2012,366,230,122,13,1,0,0,159,78,45,0,0,297,69,0
"Clearlake, CA","17340",2012,362,336,23,3,0,0,0,143,48,35,0,0,355,7,0
"Cleveland, MS","17380",2012,360,163,190,7,0,0,0,129,71,52,0,0,87,273,0
"Cleveland, TN","17420",2012,238,238,0,0,0,0,0,35,23,12,0,184,0,0,54
"Cleveland-Elyria, OH","17460",2012,366,65,253,37,10,1,0,203,112,66,4,1,98,257,6
"Clinton, IA","17540",2012,366,70,285,11,0,0,0,126,80,60,0,0,48,318,0
"Colorado Springs, CO","17820",2012,366,208,138,20,0,0,0,129,90,48,0,0,356,9,1
"Columbia, MO","17860",2012,212,138,61,13,0,0,0,150,93,45,0,0,212,0,0
"Columbia, SC","17900",2012,366,125,238,3,0,0,0,119,69,54,0,5,78,276,7
"Columbus, GA-AL","17980",2012,366,171,192,3,0,0,0,104,71,52,0,0,72,293,1
"Columbus, OH","18140",2012,366,115,222,26,2,1,0,201,97,55,0,0,124,240,2
"Concord, NH","18180",2012,242,178,63,1,0,0,0,101,61,42,0,0,137,105,0
"Coos Bay, OR","18300",2012,278,272,5,1,0,0,0,143,42,23,0,0,0,278,0
"Corning, NY","18500",2012,366,318,48,0,0,0,0,100,53,35,4,0,291,71,0
"Corpus Christi, TX","18580",2012,366,213,148,5,0,0,0,147,68,47,0,0,163,203,0
"Corsicana, TX","18620",2012,366,206,158,1,1,0,0,159,71,48,0,0,156,210,0
"Corvallis, OR","18700",2012,355,306,49,0,0,0,0,69,54,21,0,0,0,355,0
"Craig, CO","18780",2012,361,266,94,1,0,0,0,105,64,44,0,0,361,0,0
"Crescent City, CA","18860",2012,119,117,2,0,0,0,0,54,31,12,0,0,0,95,24
"Crestview-Fort Walton Beach-Destin, FL","18880",2012,366,334,32,0,0,0,0,87,50,33,0,0,366,0,0
"Cullowhee, NC","19000",2012,253,149,100,4,0,0,0,143,74,48,0,0,178,75,0
"Dallas-Fort Worth-Arlington, TX","19100",2012,366,72,232,49,10,3,0,205,119,61,0,4,146,216,0
"Dalton, GA","19140",2012,278,221,55,2,0,0,0,119,64,43,0,0,221,57,0
"Daphne-Fairhope-Foley, AL","19300",2012,284,202,80,2,0,0,0,112,63,41,0,0,186,98,0
"Davenport-Moline-Rock Island, IA-IL","19340",2012,366,67,291,8,0,0,0,134,80,59,0,0,58,258,50
"Dayton, OH","19380",2012,366,95,246,24,1,0,0,177,90,58,0,0,120,246,0
"Decatur, AL","19460",2012,283,193,84,6,0,0,0,129,71,45,0,0,196,87,0
"Decatur, IL","19500",2012,366,164,192,10,0,0,0,126,74,52,0,0,147,219,0
"Deltona-Daytona Beach-Ormond Beach, FL","19660",2012,366,229,135,2,0,0,0,112,60,46,0,0,120,246,0
"Deming, NM","19700",2012,364,224,129,7,0,1,3,1049,77,46,0,3,324,0,37
"Denver-Aurora-Lakewood, CO","19740",2012,366,97,199,63,7,0,0,190,115,64,0,66,241,51,8
"Des Moines-West Des Moines, IA","19780",2012,366,166,198,2,0,0,0,108,71,52,0,1,116,249,0
"Detroit-Warren-Dearborn, MI","19820",2012,366,105,225,33,2,1,0,208,100,58,0,3,90,239,34
"Dickinson, ND","19860",2012,354,333,21,0,0,0,0,67,48,35,0,0,333,21,0
"Dodge City, KS","19980",2012,366,365,1,0,0,0,0,94,23,12,0,0,0,0,366
"Dothan, AL","20020",2012,284,210,74,0,0,0,0,97,60,40,0,0,191,93,0
"Douglas, GA","20060",2012,60,36,24,0,0,0,0,65,63,47,0,0,0,60,0
"Dover, DE","20100",2012,342,209,112,17,4,0,0,182,80,44,0,0,230,112,0
"DuBois, PA","20180",2012,342,290,46,5,1,0,0,164,61,35,0,0,342,0,0
"Duluth, MN-WI","20260",2012,366,280,85,1,0,0,0,122,60,38,0,0,240,122,4
"Durango, CO","20420",2012,366,218,146,2,0,0,0,108,80,48,0,1,360,3,2
"Durham-Chapel Hill, NC","20500",2012,365,211,146,7,1,0,0,151,67,47,0,0,115,250,0
"Eagle Pass, TX","20580",2012,266,160,106,0,0,0,0,86,62,44,0,0,0,266,0
"East Stroudsburg, PA","20700",2012,365,229,134,2,0,0,0,108,66,44,0,0,189,176,0
"Eau Claire, WI","20740",2012,304,211,91,2,0,0,0,115,67,43,0,0,182,120,2
"Effingham, IL","20820",2012,192,125,58,8,1,0,0,166,90,46,0,0,192,0,0
"El Centro, CA","20940",2012,366,160,167,34,4,1,0,274,101,55,2,61,214,80,9
"El Dorado, AR","20980",2012,114,48,66,0,0,0,0,90,67,54,0,0,0,114,0
"El Paso, TX","21340",2012,366,67,275,19,2,1,2,659,92,62,0,5,107,240,14
"Elizabethtown-Fort Knox, KY","21060",2012,307,171,129,5,2,0,0,161,75,47,0,0,139,168,0
"Elkhart-Goshen, IN","21140",2012,362,138,212,11,0,1,0,206,82,54,0,0,90,272,0
"Elko, NV","21220",2012,359,328,31,0,0,0,0,90,48,23,0,0,0,28,331
"Ellensburg, WA","21260",2012,361,260,84,11,5,0,1,307,70,28,0,0,0,361,0
"Elmira, NY","21300",2012,352,318,30,4,0,0,0,115,49,33,0,0,352,0,0
"Emporia, KS","21380",2012,117,88,29,0,0,0,0,90,56,35,0,0,0,117,0
"Erie, PA","21500",2012,366,147,200,16,3,0,0,185,80,54,0,0,132,234,0
"Espa¤ola, NM","21580",2012,101,101,0,0,0,0,0,46,28,16,0,0,0,101,0
"Eugene, OR","21660",2012,366,211,147,8,0,0,0,149,68,44,0,0,82,284,0
"Eureka-Arcata-Fortuna, CA","21700",2012,366,252,114,0,0,0,0,76,58,39,0,0,146,220,0
"Evanston, WY","21740",2012,366,254,111,1,0,0,0,115,71,44,0,0,352,0,14
"Evansville, IN-KY","21780",2012,366,87,246,29,4,0,0,164,97,58,2,1,119,244,0
"Fairbanks, AK","21820",2012,366,214,110,15,24,3,0,246,115,43,1,0,112,242,11
"Fairmont, WV","21900",2012,122,55,67,0,0,0,0,86,64,52,0,0,0,122,0
"Fallon, NV","21980",2012,206,205,1,0,0,0,0,51,41,32,0,0,206,0,0
"Fargo, ND-MN","22020",2012,366,241,125,0,0,0,0,92,62,43,0,1,157,192,16
"Farmington, NM","22140",2012,366,205,149,12,0,0,0,112,87,48,0,16,336,12,2
"Fayetteville, NC","22180",2012,363,205,154,4,0,0,0,147,65,48,0,0,106,257,0
"Fayetteville-Springdale-Rogers, AR-MO","22220",2012,366,247,102,16,1,0,0,151,80,44,0,0,310,56,0
"Fernley, NV","22280",2012,212,130,77,5,0,0,0,119,80,47,0,0,212,0,0
"Flagstaff, AZ","22380",2012,366,230,121,15,0,0,0,133,80,47,0,0,340,26,0
"Flint, MI","22420",2012,242,155,66,18,3,0,0,172,90,45,0,0,170,72,0
"Florence, SC","22500",2012,284,207,74,3,0,0,0,147,61,43,0,0,198,86,0
"Florence-Muscle Shoals, AL","22520",2012,283,204,73,6,0,0,0,136,64,43,0,0,196,87,0
"Fond du Lac, WI","22540",2012,207,151,41,14,1,0,0,192,90,42,0,0,207,0,0
"Fort Collins, CO","22660",2012,366,160,156,45,5,0,0,172,105,54,0,0,350,14,2
"Fort Madison-Keokuk, IA-IL-MO","22800",2012,111,49,62,0,0,0,0,83,71,52,0,0,0,111,0
"Fort Payne, AL","22840",2012,361,262,94,5,0,0,0,115,64,42,0,0,293,68,0
"Fort Smith, AR-OK","22900",2012,363,237,110,14,2,0,0,156,77,44,0,43,220,77,23
"Fort Wayne, IN","23060",2012,366,78,272,15,1,0,0,179,86,61,3,0,62,301,0
"Fresno, CA","23420",2012,366,45,187,92,41,1,0,212,151,82,0,0,198,168,0
"Gadsden, AL","23460",2012,277,196,81,0,0,0,0,87,60,43,0,0,174,103,0
"Gaffney, SC","23500",2012,195,127,62,6,0,0,0,122,80,47,0,0,195,0,0
"Gainesville, FL","23540",2012,363,275,85,1,2,0,0,159,56,39,0,0,193,170,0
"Gainesville, GA","23580",2012,328,121,207,0,0,0,0,78,65,54,0,0,0,328,0
"Gallup, NM","23700",2012,263,263,0,0,0,0,0,39,23,14,0,0,0,0,263
"Gardnerville Ranchos, NV","23820",2012,115,100,15,0,0,0,0,77,55,14,91,0,0,24,0
"Georgetown, SC","23860",2012,343,343,0,0,0,0,0,47,31,17,0,0,0,0,343
"Gettysburg, PA","23900",2012,365,160,194,11,0,0,0,146,80,53,1,1,148,215,0
"Gillette, WY","23940",2012,366,128,223,13,2,0,0,156,90,57,0,4,156,37,169
"Glenwood Springs, CO","24060",2012,366,142,171,53,0,0,0,150,105,61,0,0,365,0,1
"Goldsboro, NC","24140",2012,341,186,155,0,0,0,0,83,62,49,0,0,0,341,0
"Grand Island, NE","24260",2012,119,82,37,0,0,0,0,74,59,40,0,0,0,119,0
"Grand Junction, CO","24300",2012,366,190,165,11,0,0,0,122,87,50,0,0,332,25,9
"Grand Rapids-Wyoming, MI","24340",2012,366,179,163,22,2,0,0,161,87,51,0,0,167,199,0
"Grants Pass, OR","24420",2012,366,277,89,0,0,0,0,80,59,31,0,0,0,366,0
"Great Falls, MT","24500",2012,360,231,126,3,0,0,0,132,62,42,0,0,0,360,0
"Greeley, CO","24540",2012,366,196,150,18,2,0,0,161,90,49,2,0,320,43,1
"Green Bay, WI","24580",2012,366,208,140,14,4,0,0,179,84,47,0,0,144,222,0
"Greensboro-High Point, NC","24660",2012,364,168,186,9,1,0,0,154,71,51,0,0,118,246,0
"Greenville, NC","24780",2012,254,194,56,3,1,0,0,177,61,42,0,0,173,81,0
"Greenville-Anderson-Mauldin, SC","24860",2012,366,165,196,4,1,0,0,161,71,52,5,15,117,208,21
"Greenwood, SC","24940",2012,211,175,35,1,0,0,0,150,58,41,0,0,211,0,0
"Guayama, PR","25020",2012,122,103,19,0,0,0,0,70,54,22,0,0,0,84,38
"Gulfport-Biloxi-Pascagoula, MS","25060",2012,362,187,166,9,0,0,0,136,71,49,0,0,103,259,0
"Hagerstown-Martinsburg, MD-WV","25180",2012,363,150,202,10,1,0,0,151,83,54,0,0,121,242,0
"Hammond, LA","25220",2012,114,74,40,0,0,0,0,77,60,45,0,0,0,114,0
"Hanford-Corcoran, CA","25260",2012,366,93,207,60,6,0,0,172,114,68,0,0,188,161,17
"Harrisburg-Carlisle, PA","25420",2012,366,109,244,13,0,0,0,129,87,57,0,0,99,267,0
"Harrison, AR","25460",2012,366,271,93,2,0,0,0,136,71,43,0,0,321,45,0
"Harrisonburg, VA","25500",2012,346,252,92,2,0,0,0,115,61,39,0,104,158,84,0
"Hartford-West Hartford-East Hartford, CT","25540",2012,366,159,185,19,3,0,0,182,84,52,0,2,113,251,0
"Hattiesburg, MS","25620",2012,282,123,159,0,0,0,0,76,63,52,0,0,0,282,0
"Helena, MT","25740",2012,366,232,127,7,0,0,0,148,70,43,0,0,162,204,0
"Helena-West Helena, AR","25760",2012,59,32,27,0,0,0,0,68,61,48,0,0,0,59,0
"Hermiston-Pendleton, OR","25840",2012,365,244,119,2,0,0,0,108,64,42,0,0,132,233,0
"Hickory-Lenoir-Morganton, NC","25860",2012,365,156,207,2,0,0,0,129,64,52,0,0,95,270,0
"Hilo, HI","25900",2012,366,20,344,0,2,0,0,180,78,65,0,0,0,366,0
"Hobbs, NM","26020",2012,363,280,82,1,0,0,0,117,58,41,0,14,173,176,0
"Holland, MI","26090",2012,240,139,65,25,11,0,0,195,122,47,0,0,167,73,0
"Homosassa Springs, FL","26140",2012,121,99,22,0,0,0,0,87,54,36,0,0,0,121,0
"Hot Springs, AR","26300",2012,122,52,70,0,0,0,0,77,66,53,0,0,0,122,0
"Houghton, MI","26340",2012,121,115,6,0,0,0,0,57,43,15,0,0,0,121,0
"Houma-Thibodaux, LA","26380",2012,359,243,112,4,0,0,0,133,69,43,0,0,194,165,0
"Houston-The Woodlands-Sugar Land, TX","26420",2012,366,45,273,37,9,2,0,233,112,60,0,5,102,252,7
"Huntington, IN","26540",2012,180,140,38,2,0,0,0,126,71,42,0,0,180,0,0
"Huntington-Ashland, WV-KY-OH","26580",2012,366,131,222,12,1,0,0,161,80,55,0,1,107,255,3
"Huntsville, AL","26620",2012,338,213,111,14,0,0,0,147,74,45,0,0,202,82,54
"Idaho Falls, ID","26820",2012,358,287,68,2,1,0,0,155,61,42,0,0,344,14,0
"Indiana, PA","26860",2012,355,276,63,14,2,0,0,156,77,38,0,0,355,0,0
"Indianapolis-Carmel-Anderson, IN","26900",2012,366,35,302,27,2,0,0,169,94,65,0,0,95,271,0
"Iowa City, IA","26980",2012,366,119,247,0,0,0,0,91,69,55,0,0,0,366,0
"Ithaca, NY","27060",2012,350,305,39,6,0,0,0,115,54,37,0,0,350,0,0
"Jackson, MS","27140",2012,366,146,217,2,1,0,0,156,66,53,0,0,59,307,0
"Jackson, WY-ID","27220",2012,366,252,111,3,0,0,0,110,67,45,1,0,342,21,2
"Jacksonville, FL","27260",2012,366,256,107,2,1,0,0,170,60,42,0,1,180,183,2
"Jamestown-Dunkirk-Fredonia, NY","27460",2012,366,280,69,15,2,0,0,197,80,40,0,0,330,36,0
"Janesville-Beloit, WI","27500",2012,191,123,57,11,0,0,0,143,93,45,0,0,191,0,0
"Jasper, IN","27540",2012,123,50,73,0,0,0,0,82,68,53,0,0,0,123,0
"Jefferson City, MO","27620",2012,214,139,64,11,0,0,0,143,87,45,0,0,214,0,0
"Johnstown, PA","27780",2012,366,145,214,6,1,0,0,159,77,54,0,4,91,264,7
"Joplin, MO","27900",2012,327,221,82,22,2,0,0,154,93,41,0,0,200,0,127
"Juneau, AK","27940",2012,362,277,84,1,0,0,0,117,57,28,0,0,0,355,7
"Kahului-Wailuku-Lahaina, HI","27980",2012,349,302,47,0,0,0,0,68,52,33,0,0,0,349,0
"Kalamazoo-Portage, MI","28020",2012,243,130,93,18,2,0,0,192,97,48,0,0,166,77,0
"Kalispell, MT","28060",2012,366,258,108,0,0,0,0,95,65,41,0,0,173,173,20
"Kansas City, MO-KS","28140",2012,366,48,268,40,10,0,0,177,108,63,0,5,118,238,5
"Kapaa, HI","28180",2012,365,293,72,0,0,0,0,64,54,36,14,6,0,345,0
"Keene, NH","28300",2012,366,259,105,2,0,0,0,112,68,40,0,0,204,162,0
"Kennewick-Richland, WA","28420",2012,366,286,79,1,0,0,0,104,57,31,0,0,0,347,19
"Killeen-Temple, TX","28660",2012,363,290,64,8,1,0,0,154,71,40,0,0,363,0,0
"Kingsport-Bristol-Bristol, TN-VA","28700",2012,366,262,94,9,1,0,0,187,64,42,3,84,207,72,0
"Kingston, NY","28740",2012,354,315,38,1,0,0,0,101,51,36,0,0,354,0,0
"Kingsville, TX","28780",2012,328,187,141,0,0,0,0,90,64,46,0,0,0,328,0
"Kinston, NC","28820",2012,276,218,57,1,0,0,0,143,58,41,0,0,196,80,0
"Klamath Falls, OR","28900",2012,360,216,135,8,1,0,0,152,81,39,0,0,0,360,0
"Knoxville, TN","28940",2012,366,49,292,22,2,1,0,217,90,60,0,0,105,255,6
"Kokomo, IN","29020",2012,11,6,5,0,0,0,0,62,61,44,0,0,0,11,0
"La Crosse-Onalaska, WI-MN","29100",2012,316,181,133,2,0,0,0,105,70,47,0,0,139,177,0
"La Grande, OR","29260",2012,365,260,103,2,0,0,0,147,62,34,0,0,0,365,0
"Laconia, NH","29060",2012,210,179,31,0,0,0,0,97,56,37,0,0,173,37,0
"Lafayette, LA","29180",2012,366,146,217,3,0,0,0,129,71,53,0,0,85,279,2
"Lafayette-West Lafayette, IN","29200",2012,364,64,289,10,1,0,0,156,83,60,0,0,48,316,0
"Lake Charles, LA","29340",2012,366,199,161,6,0,0,0,136,67,49,0,0,128,238,0
"Lake City, FL","29380",2012,365,267,96,1,1,0,0,154,58,38,0,0,203,162,0
"Lake Havasu City-Kingman, AZ","29420",2012,240,232,7,1,0,0,0,116,37,20,0,0,0,69,171
"Lakeland-Winter Haven, FL","29460",2012,366,201,160,4,1,0,0,154,64,49,0,0,94,272,0
"Lancaster, PA","29540",2012,366,96,250,19,1,0,0,179,87,60,0,0,87,279,0
"Lansing-East Lansing, MI","29620",2012,361,263,84,12,2,0,0,166,84,38,0,25,285,51,0
"Laramie, WY","29660",2012,365,176,182,7,0,0,0,125,77,51,0,0,269,13,83
"Laredo, TX","29700",2012,346,155,190,1,0,0,0,103,66,52,0,0,33,308,5
"Las Cruces, NM","29740",2012,366,136,199,23,1,1,6,1762,97,54,0,5,219,38,104
"Las Vegas-Henderson-Paradise, NV","29820",2012,366,68,245,47,6,0,0,180,112,66,0,1,240,120,5
"Laurel, MS","29860",2012,58,27,31,0,0,0,0,92,66,52,0,0,0,58,0
"Lawrenceburg, TN","29980",2012,59,31,28,0,0,0,0,69,60,48,0,0,0,59,0
"Lawton, OK","30020",2012,366,146,208,10,2,0,0,151,81,54,0,0,155,211,0
"Lebanon, PA","30140",2012,366,114,240,12,0,0,0,129,87,57,0,0,98,268,0
"Lewiston, ID-WA","30300",2012,366,221,135,5,4,1,0,202,67,39,0,0,0,366,0
"Lewiston-Auburn, ME","30340",2012,363,263,100,0,0,0,0,97,58,39,0,0,102,260,1
"Lexington, NE","30420",2012,61,50,11,0,0,0,0,73,56,26,0,0,0,0,61
"Lexington-Fayette, KY","30460",2012,366,145,202,18,1,0,0,151,80,53,0,3,105,258,0
"Lima, OH","30620",2012,366,239,104,22,1,0,0,169,90,43,0,0,182,184,0
"Lincoln, NE","30700",2012,286,225,61,0,0,0,0,82,57,41,24,0,179,83,0
"Little Rock-North Little Rock-Conway, AR","30780",2012,366,75,274,17,0,0,0,150,84,58,0,4,90,272,0
"Logan, UT-ID","30860",2012,366,164,194,8,0,0,0,125,74,52,0,13,150,203,0
"Longview, TX","30980",2012,363,296,62,5,0,0,0,143,67,36,0,5,358,0,0
"Longview, WA","31020",2012,351,304,47,0,0,0,0,74,53,26,0,0,0,351,0
"Los Alamos, NM","31060",2012,115,115,0,0,0,0,0,48,33,19,0,0,0,115,0
"Los Angeles-Long Beach-Anaheim, CA","31080",2012,366,13,221,95,35,2,0,207,151,84,0,10,161,193,2
"Louisville/Jefferson County, KY-IN","31140",2012,366,61,267,28,8,2,0,204,101,60,0,0,102,264,0
"Lubbock, TX","31180",2012,278,166,110,2,0,0,0,113,59,47,0,0,0,278,0
"Ludington, MI","31220",2012,182,131,29,19,3,0,0,156,105,42,0,0,182,0,0
"Lumberton, NC","31300",2012,122,75,47,0,0,0,0,80,59,45,0,0,0,122,0
"Lynchburg, VA","31340",2012,115,83,32,0,0,0,0,69,58,41,0,0,0,115,0
"Macon, GA","31420",2012,366,124,238,4,0,0,0,147,72,54,0,0,57,309,0
"Madera, CA","31460",2012,366,59,226,70,11,0,0,200,129,68,0,0,176,184,6
"Madison, WI","31540",2012,355,156,186,11,2,0,0,154,80,52,0,0,157,198,0
"Malone, NY","31660",2012,311,310,1,0,0,0,0,72,26,12,0,152,159,0,0
"Manchester-Nashua, NH","31700",2012,366,296,64,6,0,0,0,150,64,40,1,0,307,58,0
"Manhattan, KS","31740",2012,330,255,60,14,1,0,0,154,84,39,0,0,330,0,0
"Manitowoc, WI","31820",2012,192,142,29,16,5,0,0,177,101,39,0,0,192,0,0
"Marietta, OH","31930",2012,214,134,73,7,0,0,0,150,90,47,0,0,214,0,0
"Marion, NC","32000",2012,355,190,165,0,0,0,0,76,58,49,0,0,0,355,0
"Marshall, MN","32140",2012,364,245,117,2,0,0,0,101,64,43,0,0,148,216,0
"Marshall, TX","32220",2012,366,159,200,7,0,0,0,133,69,52,0,0,119,247,0
"Mason City, IA","32380",2012,356,344,12,0,0,0,0,66,39,19,0,0,0,0,356
"Mayaguez, PR","32420",2012,115,93,22,0,0,0,0,76,57,27,0,0,0,115,0
"McAlester, OK","32540",2012,366,126,229,11,0,0,0,147,79,56,0,0,138,228,0
"McAllen-Edinburg-Mission, TX","32580",2012,366,169,197,0,0,0,0,84,67,51,0,0,69,296,1
"Medford, OR","32780",2012,366,196,167,3,0,0,0,110,72,49,0,0,140,226,0
"Memphis, TN-MS-AR","32820",2012,366,118,211,29,7,1,0,220,101,55,0,0,125,241,0
"Merced, CA","32900",2012,366,136,196,33,1,0,0,151,97,57,0,0,206,157,3
"Meridian, MS","32940",2012,366,154,212,0,0,0,0,90,63,52,0,0,31,335,0
"Miami, OK","33060",2012,363,143,203,15,2,0,0,161,77,53,0,0,103,258,2
"Miami-Fort Lauderdale-West Palm Beach, FL","33100",2012,366,119,243,4,0,0,0,147,72,53,0,1,45,320,0
"Michigan City-La Porte, IN","33140",2012,239,131,84,18,3,3,0,214,101,48,0,0,162,77,0
"Middlesborough, KY","33180",2012,259,151,104,4,0,0,0,133,76,47,0,0,223,36,0
"Milwaukee-Waukesha-West Allis, WI","33340",2012,366,108,226,23,9,0,0,192,96,58,0,1,97,268,0
"Minneapolis-St. Paul-Bloomington, MN-WI","33460",2012,366,129,229,7,1,0,0,185,75,54,0,10,101,247,8
"Missoula, MT","33540",2012,366,54,265,32,15,0,0,188,117,65,0,0,15,349,2
"Mobile, AL","33660",2012,284,211,70,3,0,0,0,126,64,40,0,0,198,83,3
"Modesto, CA","33700",2012,366,95,192,67,11,1,0,201,125,64,0,0,174,192,0
"Monroe, LA","33740",2012,366,71,295,0,0,0,0,92,69,57,0,0,30,336,0
"Monroe, MI","33780",2012,124,59,64,1,0,0,0,105,64,52,0,0,0,124,0
"Montgomery, AL","33860",2012,280,175,104,1,0,0,0,102,66,46,0,0,182,98,0
"Morehead City, NC","33980",2012,252,241,11,0,0,0,0,84,45,35,0,0,252,0,0
"Morgantown, WV","34060",2012,261,167,88,6,0,0,0,150,80,44,0,0,176,85,0
"Morristown, TN","34100",2012,245,152,84,6,2,1,0,206,80,46,0,0,245,0,0
"Moscow, ID","34140",2012,347,299,42,2,4,0,0,180,56,16,0,0,0,347,0
"Moses Lake, WA","34180",2012,365,291,74,0,0,0,0,95,56,29,0,0,0,365,0
"Mount Vernon, IL","34500",2012,214,118,71,22,3,0,0,164,105,49,0,0,214,0,0
"Mount Vernon, OH","34540",2012,214,135,71,7,1,0,0,182,87,45,0,0,214,0,0
"Mount Vernon-Anacortes, WA","34580",2012,366,357,9,0,0,0,0,71,42,31,0,61,190,115,0
"Muncie, IN","34620",2012,240,126,106,8,0,0,0,136,84,48,0,0,156,84,0
"Muscatine, IA","34700",2012,366,124,238,3,1,0,0,155,72,55,0,0,0,366,0
"Muskegon, MI","34740",2012,242,149,58,26,9,0,0,195,115,45,0,0,169,73,0
"Muskogee, OK","34780",2012,322,300,22,0,0,0,0,90,46,26,0,0,0,0,322
"Napa, CA","34900",2012,366,224,142,0,0,0,0,85,66,44,2,5,154,205,0
"Naples-Immokalee-Marco Island, FL","34940",2012,365,254,111,0,0,0,0,86,58,44,0,0,102,263,0
"Nashville-Davidson--Murfreesboro--Franklin, TN","34980",2012,366,113,222,27,4,0,0,187,97,55,0,2,124,240,0
"New Castle, IN","35220",2012,119,65,54,0,0,0,0,76,65,47,0,0,0,119,0
"New Castle, PA","35260",2012,366,306,50,9,1,0,0,154,67,34,2,0,315,0,49
"New Haven-Milford, CT","35300",2012,366,120,220,19,7,0,0,187,81,54,0,0,85,281,0
"New Orleans-Metairie, LA","35380",2012,366,84,265,17,0,0,0,129,84,58,0,0,96,270,0
"New York-Newark-Jersey City, NY-NJ-PA","35620",2012,366,63,264,33,6,0,0,174,101,61,0,15,110,240,1
"Niles-Benton Harbor, MI","35660",2012,244,142,72,26,3,1,0,208,112,46,0,0,171,73,0
"Nogales, AZ","35700",2012,337,222,114,1,0,0,0,107,64,42,0,0,0,45,292
"North Port-Sarasota-Bradenton, FL","35840",2012,366,158,205,3,0,0,0,119,70,52,0,0,101,265,0
"Norwich-New London, CT","35980",2012,339,166,159,10,4,0,0,197,71,51,0,0,106,233,0
"Ocala, FL","36100",2012,366,209,157,0,0,0,0,84,60,48,0,0,72,294,0
"Odessa, TX","36220",2012,366,190,176,0,0,0,0,81,60,49,0,0,0,366,0
"Ogden-Clearfield, UT","36260",2012,366,130,213,22,1,0,0,167,90,54,0,8,192,165,1
"Oklahoma City, OK","36420",2012,366,98,229,36,3,0,0,164,101,58,0,12,151,201,2
"Olympia-Tumwater, WA","36500",2012,361,271,86,3,1,0,0,153,63,35,0,0,117,244,0
"Omaha-Council Bluffs, NE-IA","36540",2012,366,90,256,20,0,0,0,140,90,59,0,0,86,164,116
"Orlando-Kissimmee-Sanford, FL","36740",2012,366,222,137,7,0,0,0,140,63,47,0,0,141,225,0
"Othello, WA","36830",2012,366,330,36,0,0,0,0,89,50,21,0,0,0,366,0
"Owensboro, KY","36980",2012,366,191,149,22,4,0,0,190,90,49,0,9,165,192,0
"Oxford, NC","37080",2012,214,166,43,4,1,0,0,154,71,42,0,0,214,0,0
"Oxnard-Thousand Oaks-Ventura, CA","37100",2012,366,116,218,31,1,0,0,154,97,58,0,2,193,170,1
"Paducah, KY-IL","37140",2012,365,187,149,24,4,1,0,202,93,50,0,16,188,160,1
"Pahrump, NV","37220",2012,366,341,24,1,0,0,0,107,39,19,0,0,0,0,366
"Palatka, FL","37260",2012,352,349,3,0,0,0,0,63,26,17,0,0,0,0,352
"Palm Bay-Melbourne-Titusville, FL","37340",2012,366,216,147,3,0,0,0,122,62,46,0,0,124,242,0
"Panama City, FL","37460",2012,366,239,127,0,0,0,0,100,63,44,0,0,124,242,0
"Parkersburg-Vienna, WV","37620",2012,255,142,107,6,0,0,0,147,87,47,0,0,176,79,0
"Payson, AZ","37740",2012,364,148,187,28,1,0,0,163,97,54,0,0,198,4,162
"Pensacola-Ferry Pass-Brent, FL","37860",2012,366,169,193,4,0,0,0,115,71,51,0,0,112,254,0
"Peoria, IL","37900",2012,366,144,201,21,0,0,0,140,84,54,0,0,147,219,0
"Philadelphia-Camden-Wilmington, PA-NJ-DE-MD","37980",2012,366,44,279,34,9,0,0,179,105,64,0,1,96,269,0
"Phoenix-Mesa-Scottsdale, AZ","38060",2012,366,19,236,92,11,4,4,605,133,84,0,5,130,60,171
"Pittsburgh, PA","38300",2012,366,38,281,42,5,0,0,172,108,66,0,1,81,284,0
"Pittsfield, MA","38340",2012,348,166,175,7,0,0,0,112,75,51,0,0,97,251,0
"Platteville, WI","38420",2012,362,219,143,0,0,0,0,93,62,43,0,0,0,362,0
"Pocatello, ID","38540",2012,366,225,134,4,3,0,0,180,69,42,0,0,0,317,49
"Ponca City, OK","38620",2012,312,111,182,18,1,0,0,159,91,55,0,0,152,160,0
"Ponce, PR","38660",2012,357,321,36,0,0,0,0,75,51,23,82,0,0,60,215
"Port Angeles, WA","38820",2012,366,242,124,0,0,0,0,83,61,43,0,0,123,243,0
"Port St. Lucie, FL","38940",2012,366,225,140,1,0,0,0,122,61,46,0,0,120,246,0
"Portland-South Portland, ME","38860",2012,366,273,88,5,0,0,0,140,61,41,1,21,207,135,2
"Portland-Vancouver-Hillsboro, OR-WA","38900",2012,366,221,142,3,0,0,0,117,71,44,0,0,147,219,0
"Portsmouth, OH","39020",2012,366,300,66,0,0,0,0,73,56,20,0,0,0,114,252
"Prescott, AZ","39140",2012,283,205,69,9,0,0,0,112,74,45,0,0,238,45,0
"Price, UT","39220",2012,365,231,126,8,0,0,0,119,84,45,0,8,357,0,0
"Prineville, OR","39260",2012,360,239,119,2,0,0,0,105,66,33,0,0,0,360,0
"Providence-Warwick, RI-MA","39300",2012,366,174,174,15,3,0,0,179,74,52,0,0,149,217,0
"Provo-Orem, UT","39340",2012,366,142,212,11,1,0,0,156,87,54,0,39,194,129,4
"Pueblo, CO","39380",2012,133,116,17,0,0,0,0,82,52,31,0,0,0,102,31
"Pullman, WA","39420",2012,366,308,54,2,2,0,0,157,56,25,0,0,0,366,0
"Quincy, IL-MO","39500",2012,364,322,37,4,1,0,0,151,54,35,0,0,364,0,0
"Racine, WI","39540",2012,187,126,34,22,5,0,0,177,122,42,0,0,187,0,0
"Raleigh, NC","39580",2012,366,166,191,8,1,0,0,177,71,52,0,0,128,238,0
"Rapid City, SD","39660",2012,366,203,160,3,0,0,0,112,71,48,0,1,229,86,50
"Reading, PA","39740",2012,366,115,238,13,0,0,0,147,84,57,0,0,112,254,0
"Red Bluff, CA","39780",2012,366,183,164,19,0,0,0,150,93,51,0,0,243,123,0
"Red Wing, MN","39860",2012,223,191,32,0,0,0,0,90,58,38,0,0,223,0,0
"Redding, CA","39820",2012,366,256,104,5,1,0,0,180,77,44,0,0,351,15,0
"Reno, NV","39900",2012,366,124,222,12,0,0,8,939,89,58,0,13,227,105,21
"Richmond, VA","40060",2012,366,191,156,15,4,0,0,179,75,50,0,23,146,197,0
"Richmond-Berea, KY","40080",2012,119,64,55,0,0,0,0,71,59,43,0,0,0,119,0
"Riverside-San Bernardino-Ontario, CA","40140",2012,366,3,181,110,63,9,0,233,172,100,0,0,183,154,29
"Riverton, WY","40180",2012,366,214,147,5,0,0,0,117,75,47,0,2,328,28,8
"Roanoke, VA","40220",2012,366,186,177,3,0,0,0,122,67,50,0,5,97,264,0
"Rochester, MN","40340",2012,359,215,141,3,0,0,0,112,70,44,0,0,147,212,0
"Rochester, NY","40380",2012,366,237,117,11,1,0,0,151,67,44,0,0,188,178,0
"Rock Springs, WY","40540",2012,366,210,148,7,0,1,0,284,74,47,0,2,293,24,47
"Rockford, IL","40420",2012,366,313,47,6,0,0,0,115,61,33,2,0,364,0,0
"Rockland, ME","40500",2012,177,165,12,0,0,0,0,97,48,34,0,0,177,0,0
"Rocky Mount, NC","40580",2012,359,211,144,3,1,0,0,161,61,46,0,0,77,282,0
"Rome, GA","40660",2012,365,18,347,0,0,0,0,99,83,68,0,0,0,365,0
"Roseburg, OR","40700",2012,362,306,56,0,0,0,0,73,53,26,0,0,0,362,0
"Roswell, NM","40740",2012,110,97,13,0,0,0,0,61,53,33,0,0,0,110,0
"Ruidoso, NM","40760",2012,114,106,8,0,0,0,0,85,41,21,0,0,0,114,0
"Russellville, AR","40780",2012,57,35,22,0,0,0,0,70,61,46,0,0,0,57,0
"Rutland, VT","40860",2012,366,190,172,4,0,0,0,108,70,49,2,15,0,349,0
"Sacramento--Roseville--Arden-Arcade, CA","40900",2012,366,93,194,66,12,1,0,201,126,65,0,3,216,146,1
"Salem, OH","41400",2012,61,61,0,0,0,0,0,37,27,19,0,0,0,0,61
"Salem, OR","41420",2012,364,285,79,0,0,0,0,93,59,33,0,0,113,251,0
"Salinas, CA","41500",2012,366,285,81,0,0,0,0,84,55,41,1,3,167,183,12
"Salisbury, MD-DE","41540",2012,366,271,77,14,4,0,0,200,74,41,0,2,321,43,0
"Salt Lake City, UT","41620",2012,366,143,206,16,1,0,0,169,90,55,0,24,187,148,7
"San Antonio-New Braunfels, TX","41700",2012,366,138,212,12,4,0,0,161,80,53,0,0,128,238,0
"San Diego-Carlsbad, CA","41740",2012,366,26,304,35,1,0,0,170,100,67,0,6,116,216,28
"San Francisco-Oakland-Hayward, CA","41860",2012,366,145,214,6,1,0,0,161,76,53,0,16,111,239,0
"San Jose-Sunnyvale-Santa Clara, CA","41940",2012,366,145,209,12,0,0,0,133,78,53,0,2,147,216,1
"San Juan-Carolina-Caguas, PR","41980",2012,366,277,89,0,0,0,0,83,58,39,7,148,42,67,102
"San Luis Obispo-Paso Robles-Arroyo Grande, CA","42020",2012,366,113,216,35,2,0,0,154,101,57,0,0,211,142,13
"Sandpoint, ID","41760",2012,356,356,0,0,0,0,0,36,19,8,0,0,0,0,356
"Santa Cruz-Watsonville, CA","42100",2012,365,328,36,1,0,0,0,101,51,36,0,0,216,149,0
"Santa Fe, NM","42140",2012,366,247,118,1,0,0,0,108,71,45,0,0,346,20,0
"Santa Maria-Santa Barbara, CA","42200",2012,366,158,205,3,0,0,0,136,67,52,0,0,192,174,0
"Santa Rosa, CA","42220",2012,366,240,126,0,0,0,0,82,61,41,0,5,138,223,0
"Sault Ste. Marie, MI","42300",2012,270,198,63,9,0,0,0,147,63,38,0,0,116,154,0
"Savannah, GA","42340",2012,366,178,187,1,0,0,0,107,64,51,0,0,50,316,0
"Scottsbluff, NE","42420",2012,237,141,94,1,1,0,0,161,71,48,0,0,172,65,0
"Scranton--Wilkes-Barre--Hazleton, PA","42540",2012,366,213,149,4,0,0,0,136,69,46,0,5,172,189,0
"Seattle-Tacoma-Bellevue, WA","42660",2012,366,159,195,11,1,0,0,157,75,52,0,0,67,299,0
"Sebastian-Vero Beach, FL","42680",2012,358,324,33,1,0,0,0,105,50,37,0,0,358,0,0
"Sebring, FL","42700",2012,352,337,15,0,0,0,0,84,47,34,0,0,352,0,0
"Seneca, SC","42860",2012,176,147,29,0,0,0,0,97,58,42,0,0,176,0,0
"Sevierville, TN","42940",2012,365,238,122,3,2,0,0,154,80,46,0,0,365,0,0
"Seymour, IN","42980",2012,148,124,23,1,0,0,0,119,61,42,0,0,148,0,0
"Sheboygan, WI","43100",2012,195,131,28,28,8,0,0,192,126,42,0,0,195,0,0
"Shelton, WA","43220",2012,366,278,87,1,0,0,0,116,59,33,0,0,0,366,0
"Sheridan, WY","43260",2012,358,307,51,0,0,0,0,80,53,23,0,0,0,122,236
"Show Low, AZ","43320",2012,366,245,114,7,0,0,0,126,80,45,0,0,350,1,15
"Shreveport-Bossier City, LA","43340",2012,366,169,192,4,1,0,0,185,71,52,0,0,153,212,1
"Sierra Vista-Douglas, AZ","43420",2012,360,189,162,9,0,0,0,120,84,50,0,0,301,47,12
"Silver City, NM","43500",2012,366,322,44,0,0,0,0,84,51,41,0,0,366,0,0
"Sioux City, IA-NE-SD","43580",2012,366,149,214,3,0,0,0,111,73,53,0,11,104,242,9
"Sioux Falls, SD","43620",2012,366,213,145,7,1,0,0,170,80,46,0,13,216,133,4
"Somerset, KY","43700",2012,277,191,81,5,0,0,0,133,71,44,0,0,206,71,0
"Somerset, PA","43740",2012,318,273,43,2,0,0,0,140,58,36,0,0,318,0,0
"Sonora, CA","43760",2012,364,246,105,13,0,0,0,136,87,42,0,0,364,0,0
"South Bend-Mishawaka, IN-MI","43780",2012,366,111,228,24,1,2,0,213,93,58,0,11,95,260,0
"Spartanburg, SC","43900",2012,359,140,219,0,0,0,0,93,66,53,0,0,66,293,0
"Spokane-Spokane Valley, WA","44060",2012,366,159,205,2,0,0,0,112,71,52,0,0,88,267,11
"Springfield, IL","44100",2012,366,286,67,13,0,0,0,136,77,37,1,0,365,0,0
"Springfield, MA","44140",2012,366,167,184,15,0,0,0,147,76,52,0,6,127,233,0
"Springfield, MO","44180",2012,366,138,208,20,0,0,0,150,84,55,0,0,138,226,2
"Springfield, OH","44220",2012,363,110,231,21,1,0,0,172,87,56,0,0,124,239,0
"St. Cloud, MN","41060",2012,366,239,126,1,0,0,0,105,61,43,0,0,118,248,0
"St. George, UT","41100",2012,366,228,126,12,0,0,0,133,80,47,0,0,323,43,0
"St. Joseph, MO-KS","41140",2012,363,140,206,16,1,0,0,151,80,54,0,0,129,225,9
"St. Louis, MO-IL","41180",2012,366,36,260,50,18,2,0,281,129,66,0,2,104,229,31
"St. Marys, PA","41260",2012,362,303,54,4,1,0,0,156,58,37,0,0,362,0,0
"State College, PA","44300",2012,366,140,217,8,1,0,0,154,77,54,0,0,119,247,0
"Steamboat Springs, CO","44460",2012,353,346,7,0,0,0,0,85,32,15,0,0,0,0,353
"Stockton-Lodi, CA","44700",2012,366,88,236,38,4,0,0,182,101,60,0,1,147,214,4
"Summerville, GA","44900",2012,265,217,46,2,0,0,0,108,61,39,0,0,245,0,20
"Syracuse, NY","45060",2012,366,311,47,8,0,0,0,133,60,37,0,0,314,52,0
"Tahlequah, OK","45140",2012,283,188,79,16,0,0,0,140,87,44,0,0,283,0,0
"Talladega-Sylacauga, AL","45180",2012,116,51,65,0,0,0,0,80,63,53,0,0,0,116,0
"Tallahassee, FL","45220",2012,366,188,174,4,0,0,0,147,66,50,0,0,92,274,0
"Tampa-St. Petersburg-Clearwater, FL","45300",2012,366,127,230,9,0,0,0,147,69,53,0,0,78,288,0
"Taos, NM","45340",2012,366,355,11,0,0,0,0,59,39,22,0,0,0,355,11
"Terre Haute, IN","45460",2012,355,125,219,11,0,0,0,136,79,55,0,0,93,262,0
"Texarkana, TX-AR","45500",2012,59,24,35,0,0,0,0,79,65,54,0,0,0,59,0
"The Dalles, OR","45520",2012,365,294,71,0,0,0,0,76,55,26,0,0,0,365,0
"Toledo, OH","45780",2012,366,142,198,23,3,0,0,174,84,54,0,0,113,240,13
"Topeka, KS","45820",2012,366,242,103,21,0,0,0,150,90,44,0,0,302,53,11
"Torrington, CT","45860",2012,364,234,124,6,0,0,0,129,67,44,1,0,213,150,0
"Traverse City, MI","45900",2012,182,132,28,22,0,0,0,147,105,43,0,0,182,0,0
"Trenton, NJ","45940",2012,366,206,140,20,0,0,0,143,79,48,0,0,196,170,0
"Truckee-Grass Valley, CA","46020",2012,366,226,112,26,2,0,0,164,97,43,0,0,341,25,0
"Tucson, AZ","46060",2012,366,164,193,9,0,0,0,143,84,51,0,8,224,48,86
"Tulsa, OK","46140",2012,366,89,231,40,5,1,0,201,108,58,0,0,136,224,6
"Tupelo, MS","46180",2012,335,152,182,1,0,0,0,140,67,52,0,0,78,257,0
"Tuscaloosa, AL","46220",2012,283,226,57,0,0,0,0,93,56,39,0,0,180,103,0
"Twin Falls, ID","46300",2012,355,298,54,2,1,0,0,156,57,28,0,0,0,355,0
"Tyler, TX","46340",2012,365,286,72,7,0,0,0,147,71,40,0,2,363,0,0
"Ukiah, CA","46380",2012,357,277,80,0,0,0,0,80,57,38,0,0,139,216,2
"Urban Honolulu, HI","46520",2012,366,260,106,0,0,0,0,78,56,41,0,0,42,324,0
"Utica-Rome, NY","46540",2012,366,241,123,2,0,0,0,108,62,44,0,0,206,160,0
"Valdosta, GA","46660",2012,345,63,280,2,0,0,0,132,67,57,0,0,0,345,0
"Vallejo-Fairfield, CA","46700",2012,366,208,153,5,0,0,0,140,69,46,0,7,171,188,0
"Vernal, UT","46860",2012,366,157,193,15,1,0,0,167,90,54,0,8,290,64,4
"Victoria, TX","47020",2012,348,319,29,0,0,0,0,100,49,31,0,0,348,0,0
"Vincennes, IN","47180",2012,351,263,63,25,0,0,0,136,87,39,0,0,351,0,0
"Vineland-Bridgeton, NJ","47220",2012,338,224,98,13,3,0,0,164,74,42,0,0,240,98,0
"Vineyard Haven, MA","47240",2012,252,207,33,10,2,0,0,187,64,38,0,0,199,53,0
"Virginia Beach-Norfolk-Newport News, VA-NC","47260",2012,366,208,151,6,1,0,0,190,67,48,0,8,136,222,0
"Visalia-Porterville, CA","47300",2012,366,63,165,98,40,0,0,195,151,81,0,0,218,147,1
"Wabash, IN","47340",2012,355,266,65,23,1,0,0,169,80,37,0,0,355,0,0
"Waco, TX","47380",2012,366,257,105,3,1,0,0,154,67,43,1,12,231,122,0
"Walla Walla, WA","47460",2012,364,291,73,0,0,0,0,93,57,28,0,0,0,364,0
"Walterboro, SC","47500",2012,325,192,133,0,0,0,0,76,59,46,0,0,121,204,0
"Warner Robins, GA","47580",2012,330,116,213,1,0,0,0,142,64,53,0,0,0,330,0
"Washington Court House, OH","47920",2012,350,265,75,9,1,0,0,200,77,38,0,0,350,0,0
"Washington-Arlington-Alexandria, DC-VA-MD-WV","47900",2012,366,65,265,27,7,2,0,206,100,62,0,10,130,226,0
"Waterloo-Cedar Falls, IA","47940",2012,366,140,224,2,0,0,0,105,74,54,0,0,117,249,0
"Watertown, SD","47980",2012,357,151,206,0,0,0,0,92,65,52,0,0,0,329,28
"Watertown-Fort Atkinson, WI","48020",2012,193,130,51,11,1,0,0,166,84,44,0,0,193,0,0
"Watertown-Fort Drum, NY","48060",2012,362,329,23,10,0,0,0,140,49,32,0,0,362,0,0
"Wausau, WI","48140",2012,221,188,31,2,0,0,0,101,61,41,0,0,221,0,0
"Weirton-Steubenville, WV-OH","48260",2012,366,97,253,16,0,0,0,143,84,59,0,0,93,272,1
"Wenatchee, WA","48300",2012,366,213,128,10,13,1,1,443,78,42,0,0,0,366,0
"Wheeling, WV-OH","48540",2012,366,97,258,10,1,0,0,154,84,58,0,0,89,277,0
"Whitewater-Elkhorn, WI","48580",2012,191,127,49,14,1,0,0,174,90,44,0,0,191,0,0
"Wichita Falls, TX","48660",2012,335,261,74,0,0,0,0,75,55,38,0,0,0,335,0
"Wichita, KS","48620",2012,366,204,128,30,4,0,0,157,100,47,2,38,247,57,22
"Williamsport, PA","48700",2012,348,302,42,4,0,0,0,108,58,33,0,0,343,0,5
"Wilmington, NC","48900",2012,352,248,102,2,0,0,0,122,58,42,0,0,122,230,0
"Wilmington, OH","48940",2012,214,123,77,10,4,0,0,187,97,49,0,0,214,0,0
"Winchester, VA-WV","49020",2012,361,180,178,3,0,0,0,119,69,51,0,0,111,250,0
"Winona, MN","49100",2012,120,102,18,0,0,0,0,86,56,27,0,0,0,120,0
"Winston-Salem, NC","49180",2012,366,107,247,10,2,0,0,174,77,55,0,0,108,258,0
"Worcester, MA-CT","49340",2012,366,224,132,9,1,0,0,166,68,45,0,7,188,170,1
"Yakima, WA","49420",2012,366,196,162,3,5,0,0,177,76,48,0,0,0,366,0
"York-Hanover, PA","49620",2012,366,120,232,13,1,0,0,166,83,56,0,3,112,251,0
"Youngstown-Warren-Boardman, OH-PA","49660",2012,366,85,256,20,5,0,0,187,87,59,0,0,87,278,1
"Yuba City, CA","49700",2012,366,159,190,17,0,0,0,150,86,53,0,4,202,159,1
"Yuma, AZ","49740",2012,366,224,116,24,2,0,0,166,90,47,0,0,179,29,158
