"CBSA","CBSA Code","Year","Days with AQI","Good Days","Moderate Days","Unhealthy for Sensitive Groups Days","Unhealthy Days","Very Unhealthy Days","Hazardous Days","Max AQI","90th Percentile AQI","Median AQI","Days CO","Days NO2","Days Ozone","Days PM2.5","Days PM10"
"Aberdeen, SD","10100",2011,122,94,28,0,0,0,0,70,59,33,0,0,0,119,3
"Aberdeen, WA","10140",2011,363,331,32,0,0,0,0,64,47,21,0,0,0,363,0
"Adjuntas, PR","10260",2011,14,13,1,0,0,0,0,58,21,14,0,0,0,14,0
"Adrian, MI","10300",2011,241,145,85,10,1,0,0,154,79,46,0,0,158,83,0
"Akron, OH","10420",2011,365,194,164,7,0,0,0,150,75,47,43,0,148,174,0
"Albany, GA","10500",2011,361,74,281,6,0,0,0,115,77,59,0,0,0,361,0
"Albany, OR","10540",2011,363,228,129,3,2,1,0,212,67,34,0,0,0,363,0
"Albany-Schenectady-Troy, NY","10580",2011,365,201,161,3,0,0,0,140,69,47,0,0,142,223,0
"Albuquerque, NM","10740",2011,365,27,310,25,2,1,0,293,100,65,0,1,157,176,31
"Alexandria, LA","10780",2011,283,48,234,1,0,0,0,102,73,60,0,0,0,283,0
"Allentown-Bethlehem-Easton, PA-NJ","10900",2011,365,101,250,11,3,0,0,154,87,59,0,7,52,304,2
"Altoona, PA","11020",2011,365,146,210,8,1,0,0,159,76,53,0,0,103,262,0
"Amarillo, TX","11100",2011,361,227,126,8,0,0,0,140,80,46,0,0,276,85,0
"Americus, GA","11140",2011,232,171,61,0,0,0,0,100,71,44,0,0,232,0,0
"Ames, IA","11180",2011,214,198,16,0,0,0,0,87,49,36,0,0,214,0,0
"Anchorage, AK","11260",2011,365,232,130,2,0,1,0,241,63,42,5,0,63,247,50
"Ann Arbor, MI","11460",2011,357,261,89,6,1,0,0,154,71,39,0,0,290,67,0
"Appleton, WI","11540",2011,303,198,101,4,0,0,0,119,67,42,0,0,150,153,0
"Ardmore, OK","11620",2011,333,116,180,34,3,0,0,177,105,57,0,0,185,148,0
"Arkadelphia, AR","11660",2011,270,249,21,0,0,0,0,100,49,35,0,0,270,0,0
"Asheville, NC","11700",2011,364,169,191,4,0,0,0,122,74,52,0,0,138,226,0
"Ashtabula, OH","11780",2011,211,153,50,7,1,0,0,154,84,42,0,0,211,0,0
"Athens, OH","11900",2011,347,278,65,4,0,0,0,115,64,31,0,119,187,41,0
"Athens, TN","11940",2011,358,357,1,0,0,0,0,51,32,17,0,309,0,0,49
"Athens-Clarke County, GA","12020",2011,365,156,195,14,0,0,0,126,83,53,0,0,119,246,0
"Atlanta-Sandy Springs-Roswell, GA","12060",2011,365,57,241,62,5,0,0,172,119,63,0,2,129,234,0
"Atlantic City-Hammonton, NJ","12100",2011,359,236,118,5,0,0,0,136,67,43,0,0,174,185,0
"Augusta-Richmond County, GA-SC","12260",2011,363,119,229,15,0,0,0,126,87,55,0,0,122,241,0
"Augusta-Waterville, ME","12300",2011,211,195,16,0,0,0,0,97,49,31,0,0,182,0,29
"Austin-Round Rock, TX","12420",2011,365,160,191,13,1,0,0,151,84,52,0,1,181,183,0
"Bakersfield, CA","12540",2011,365,39,186,100,40,0,0,200,151,84,0,0,194,167,4
"Baltimore-Columbia-Towson, MD","12580",2011,365,89,239,24,10,3,0,209,101,60,0,5,126,234,0
"Bangor, ME","12620",2011,365,271,94,0,0,0,0,82,58,39,0,0,155,210,0
"Baraboo, WI","12660",2011,284,230,54,0,0,0,0,92,58,40,0,0,204,79,1
"Barnstable Town, MA","12700",2011,275,246,26,3,0,0,0,112,51,36,0,0,216,59,0
"Baton Rouge, LA","12940",2011,365,39,286,34,6,0,0,192,101,61,0,1,96,268,0
"Bay City, MI","13020",2011,118,79,39,0,0,0,0,79,65,32,0,0,0,118,0
"Beaumont-Port Arthur, TX","13140",2011,365,141,193,27,4,0,0,185,90,53,0,0,144,221,0
"Beaver Dam, WI","13180",2011,365,196,163,6,0,0,0,115,71,47,0,0,131,234,0
"Beckley, WV","13220",2011,116,68,48,0,0,0,0,85,65,45,0,0,0,116,0
"Bellingham, WA","13380",2011,354,326,28,0,0,0,0,66,47,30,0,0,82,272,0
"Bend-Redmond, OR","13460",2011,365,294,67,3,1,0,0,176,57,36,0,0,122,243,0
"Bennington, VT","13540",2011,361,239,121,1,0,0,0,140,61,42,0,0,124,237,0
"Berlin, NH-VT","13620",2011,356,266,88,2,0,0,0,101,67,44,0,0,347,9,0
"Billings, MT","13740",2011,362,319,43,0,0,0,0,80,51,26,9,0,0,353,0
"Birmingham-Hoover, AL","13820",2011,365,64,263,32,6,0,0,182,101,61,1,0,88,264,12
"Bishop, CA","13860",2011,365,159,160,33,5,2,6,14703,105,54,0,0,257,58,50
"Bismarck, ND","13900",2011,365,298,67,0,0,0,0,76,53,40,0,2,225,137,1
"Blacksburg-Christiansburg-Radford, VA","13980",2011,325,264,60,1,0,0,0,101,64,42,0,0,325,0,0
"Bloomington, IL","14010",2011,359,311,46,2,0,0,0,147,58,34,0,0,359,0,0
"Bloomington, IN","14020",2011,334,151,174,8,1,0,0,159,76,52,0,0,97,237,0
"Boise City, ID","14260",2011,365,267,93,5,0,0,0,115,67,43,7,9,219,57,73
"Boone, NC","14380",2011,117,77,40,0,0,0,0,74,61,42,0,0,0,117,0
"Boston-Cambridge-Newton, MA-NH","14460",2011,365,87,271,6,1,0,0,151,76,56,0,5,61,299,0
"Boulder, CO","14500",2011,365,212,137,16,0,0,0,140,84,48,2,0,326,37,0
"Bowling Green, KY","14540",2011,365,165,196,4,0,0,0,108,74,52,0,0,186,179,0
"Bozeman, MT","14580",2011,365,204,160,1,0,0,0,103,62,47,0,4,0,361,0
"Brainerd, MN","14660",2011,350,265,83,2,0,0,0,112,60,41,0,0,142,208,0
"Branson, MO","14700",2011,283,196,82,5,0,0,0,126,63,44,0,0,210,73,0
"Breckenridge, CO","14720",2011,318,314,4,0,0,0,0,66,27,12,0,0,0,0,318
"Bremerton-Silverdale, WA","14740",2011,361,288,72,1,0,0,0,110,58,27,0,0,0,361,0
"Bridgeport-Stamford-Norwalk, CT","14860",2011,365,257,88,12,8,0,0,190,80,41,45,80,158,82,0
"Brookings, SD","15100",2011,365,318,46,1,0,0,0,104,53,38,0,0,288,68,9
"Brownsville-Harlingen, TX","15180",2011,365,168,196,1,0,0,0,104,71,52,1,0,57,307,0
"Brunswick, GA","15260",2011,266,205,60,1,0,0,0,108,61,41,0,0,198,57,11
"Buffalo-Cheektowaga-Niagara Falls, NY","15380",2011,365,134,224,7,0,0,0,150,77,54,0,3,98,264,0
"Burley, ID","15420",2011,193,165,28,0,0,0,0,74,51,45,0,0,193,0,0
"Burlington, NC","15500",2011,365,149,214,2,0,0,0,108,67,53,0,0,0,365,0
"Burlington-South Burlington, VT","15540",2011,365,250,113,2,0,0,0,105,60,43,0,1,155,209,0
"Butte-Silver Bow, MT","15580",2011,364,233,126,5,0,0,0,135,73,41,0,0,0,307,57
"Cadillac, MI","15620",2011,364,315,47,2,0,0,0,147,55,37,0,0,327,37,0
"Cambridge, MD","15700",2011,318,246,52,19,1,0,0,156,84,40,0,0,318,0,0
"Canton-Massillon, OH","15940",2011,365,109,244,10,2,0,0,154,80,57,0,0,79,286,0
"Cape Coral-Fort Myers, FL","15980",2011,365,255,110,0,0,0,0,90,58,44,0,0,164,201,0
"Carlsbad-Artesia, NM","16100",2011,365,212,146,7,0,0,0,119,84,47,0,0,326,39,0
"Carson City, NV","16180",2011,195,152,43,0,0,0,0,97,61,44,0,0,195,0,0
"Casper, WY","16220",2011,212,176,36,0,0,0,0,77,58,33,0,39,85,81,7
"Ca¤on City, CO","15860",2011,57,55,2,0,0,0,0,59,27,15,0,0,0,0,57
"Cedar Rapids, IA","16300",2011,365,169,196,0,0,0,0,100,71,52,0,0,86,278,1
"Centralia, WA","16500",2011,364,305,59,0,0,0,0,78,54,28,0,0,0,364,0
"Chambersburg-Waynesboro, PA","16540",2011,180,150,29,1,0,0,0,112,64,41,0,0,180,0,0
"Champaign-Urbana, IL","16580",2011,348,256,85,6,1,0,0,156,67,40,0,0,280,68,0
"Charleston, WV","16620",2011,361,231,119,8,3,0,0,164,71,41,0,0,151,107,103
"Charleston-North Charleston, SC","16700",2011,365,146,215,3,1,0,0,153,71,53,0,0,69,296,0
"Charlotte-Concord-Gastonia, NC-SC","16740",2011,365,90,230,37,8,0,0,169,105,59,0,0,149,216,0
"Charlottesville, VA","16820",2011,364,213,150,1,0,0,0,105,64,46,0,0,96,268,0
"Chattanooga, TN-GA","16860",2011,359,76,273,10,0,0,0,129,82,61,0,0,81,278,0
"Cheyenne, WY","16940",2011,365,256,108,1,0,0,0,101,67,44,1,1,318,45,0
"Chicago-Naperville-Elgin, IL-IN-WI","16980",2011,365,20,321,15,9,0,0,177,93,66,0,7,59,293,6
"Chico, CA","17020",2011,365,86,255,24,0,0,0,149,90,60,0,0,130,235,0
"Cincinnati, OH-KY-IN","17140",2011,365,61,267,30,7,0,0,179,105,61,0,0,91,274,0
"Claremont-Lebanon, NH-VT","17200",2011,365,254,111,0,0,0,0,93,60,40,0,0,188,177,0
"Clarksburg, WV","17220",2011,83,41,42,0,0,0,0,80,64,51,0,0,0,83,0
"Clarksville, TN-KY","17300",2011,355,209,144,2,0,0,0,112,74,46,0,0,275,80,0
"Clearlake, CA","17340",2011,365,359,6,0,0,0,0,54,44,34,0,0,361,4,0
"Cleveland, MS","17380",2011,341,145,190,6,0,0,0,122,68,53,0,0,85,256,0
"Cleveland, TN","17420",2011,362,362,0,0,0,0,0,40,21,13,0,311,0,0,51
"Cleveland-Elyria, OH","17460",2011,365,52,284,25,4,0,0,161,93,64,1,1,53,303,7
"Clinton, IA","17540",2011,365,85,280,0,0,0,0,100,77,60,0,0,31,334,0
"Coeur d'Alene, ID","17660",2011,181,169,12,0,0,0,0,67,49,41,0,0,181,0,0
"Colorado Springs, CO","17820",2011,365,225,130,10,0,0,0,143,84,47,0,0,349,16,0
"Columbia, MO","17860",2011,245,200,42,3,0,0,0,112,61,43,0,0,245,0,0
"Columbia, SC","17900",2011,365,102,242,21,0,0,0,150,90,58,0,0,116,249,0
"Columbus, GA-AL","17980",2011,365,128,232,5,0,0,0,126,83,55,0,0,72,293,0
"Columbus, OH","18140",2011,365,111,233,17,4,0,0,156,81,56,0,0,91,274,0
"Concord, NH","18180",2011,242,184,58,0,0,0,0,93,61,38,0,0,147,95,0
"Coos Bay, OR","18300",2011,45,41,4,0,0,0,0,58,48,32,0,0,0,45,0
"Corning, NY","18500",2011,360,297,61,1,1,0,0,160,58,41,7,3,289,61,0
"Corpus Christi, TX","18580",2011,365,214,140,10,1,0,0,154,71,47,0,0,183,179,3
"Corsicana, TX","18620",2011,365,162,190,13,0,0,0,147,80,52,0,3,159,203,0
"Corvallis, OR","18700",2011,361,290,71,0,0,0,0,86,57,21,0,0,0,361,0
"Craig, CO","18780",2011,135,119,16,0,0,0,0,84,54,40,0,0,135,0,0
"Crescent City, CA","18860",2011,120,117,3,0,0,0,0,54,38,17,0,0,0,101,19
"Crestview-Fort Walton Beach-Destin, FL","18880",2011,363,322,39,2,0,0,0,112,51,35,0,0,363,0,0
"Cullowhee, NC","19000",2011,265,145,116,4,0,0,0,126,74,49,0,0,189,76,0
"Dallas-Fort Worth-Arlington, TX","19100",2011,365,80,219,46,20,0,0,195,119,62,0,14,163,187,1
"Dalton, GA","19140",2011,267,164,96,7,0,0,0,133,77,47,0,0,214,53,0
"Daphne-Fairhope-Foley, AL","19300",2011,282,177,96,9,0,0,0,126,74,44,0,0,195,87,0
"Davenport-Moline-Rock Island, IA-IL","19340",2011,365,66,298,1,0,0,0,105,79,59,0,0,40,279,46
"Dayton, OH","19380",2011,365,108,236,20,1,0,0,172,89,58,0,0,122,243,0
"Decatur, AL","19460",2011,280,168,110,2,0,0,0,115,77,46,0,0,190,90,0
"Decatur, IL","19500",2011,365,119,241,4,1,0,0,161,71,55,0,0,70,295,0
"Deltona-Daytona Beach-Ormond Beach, FL","19660",2011,365,217,146,1,1,0,0,153,62,46,0,0,128,237,0
"Deming, NM","19700",2011,365,299,57,5,1,0,3,622,58,41,0,16,291,0,58
"Denver-Aurora-Lakewood, CO","19740",2011,365,94,214,51,6,0,0,197,108,64,0,63,234,56,12
"Des Moines-West Des Moines, IA","19780",2011,365,179,186,0,0,0,0,98,68,51,0,2,76,287,0
"Detroit-Warren-Dearborn, MI","19820",2011,365,113,231,18,3,0,0,159,87,56,0,5,65,293,2
"Dickinson, ND","19860",2011,323,307,16,0,0,0,0,64,48,39,0,0,291,32,0
"Dodge City, KS","19980",2011,350,344,6,0,0,0,0,63,34,14,0,0,0,0,350
"Dothan, AL","20020",2011,283,181,102,0,0,0,0,100,67,46,0,0,192,91,0
"Douglas, GA","20060",2011,59,28,31,0,0,0,0,93,68,52,0,0,0,59,0
"Dover, DE","20100",2011,365,270,90,3,2,0,0,172,65,41,0,0,294,71,0
"DuBois, PA","20180",2011,291,248,37,6,0,0,0,143,61,39,0,0,291,0,0
"Duluth, MN-WI","20260",2011,365,268,96,1,0,0,0,101,61,42,0,0,223,137,5
"Durango, CO","20420",2011,365,208,147,10,0,0,0,150,84,49,0,10,349,6,0
"Durham-Chapel Hill, NC","20500",2011,365,174,184,7,0,0,0,143,77,51,0,0,125,240,0
"Eagle Pass, TX","20580",2011,334,187,146,1,0,0,0,136,67,46,0,0,0,334,0
"East Stroudsburg, PA","20700",2011,359,265,94,0,0,0,0,84,60,39,0,0,195,164,0
"Eau Claire, WI","20740",2011,227,192,35,0,0,0,0,100,56,39,0,0,186,38,3
"Effingham, IL","20820",2011,211,175,35,1,0,0,0,108,64,43,0,0,211,0,0
"El Centro, CA","20940",2011,365,176,156,32,1,0,0,168,93,52,8,54,218,79,6
"El Dorado, AR","20980",2011,116,34,82,0,0,0,0,89,66,54,0,0,0,116,0
"El Paso, TX","21340",2011,365,46,299,17,3,0,0,186,93,64,0,6,101,248,10
"Elizabethtown-Fort Knox, KY","21060",2011,339,197,141,1,0,0,0,112,74,47,0,0,152,187,0
"Elkhart-Goshen, IN","21140",2011,353,122,225,6,0,0,0,147,77,56,0,0,53,300,0
"Elko, NV","21220",2011,326,313,13,0,0,0,0,85,41,19,0,0,0,45,281
"Ellensburg, WA","21260",2011,354,279,68,6,1,0,0,153,62,23,0,0,0,354,0
"Elmira, NY","21300",2011,347,312,34,1,0,0,0,105,51,36,0,0,347,0,0
"Emporia, KS","21380",2011,117,86,31,0,0,0,0,95,61,35,0,0,0,117,0
"Erie, PA","21500",2011,365,155,206,4,0,0,0,136,72,53,0,5,83,277,0
"Espa¤ola, NM","21580",2011,112,104,8,0,0,0,0,85,34,12,0,0,0,112,0
"Eugene, OR","21660",2011,365,208,141,15,1,0,0,151,81,46,0,0,89,276,0
"Eureka-Arcata-Fortuna, CA","21700",2011,365,277,88,0,0,0,0,80,60,38,3,4,190,168,0
"Evanston, WY","21740",2011,365,322,43,0,0,0,0,90,51,43,0,0,359,0,6
"Evansville, IN-KY","21780",2011,365,129,221,14,1,0,0,159,86,56,25,2,122,216,0
"Fairbanks, AK","21820",2011,365,184,149,27,5,0,0,165,96,49,0,0,22,326,17
"Fairmont, WV","21900",2011,121,51,70,0,0,0,0,93,68,53,0,0,0,121,0
"Fallon, NV","21980",2011,210,208,2,0,0,0,0,77,45,33,0,0,210,0,0
"Fargo, ND-MN","22020",2011,350,253,97,0,0,0,0,78,60,41,2,2,122,216,8
"Farmington, NM","22140",2011,365,227,125,13,0,0,0,143,80,47,0,29,317,17,2
"Fayetteville, NC","22180",2011,365,146,209,10,0,0,0,143,80,54,0,0,115,250,0
"Fayetteville-Springdale-Rogers, AR-MO","22220",2011,365,236,124,5,0,0,0,140,73,45,0,0,281,84,0
"Fernley, NV","22280",2011,198,159,35,4,0,0,0,133,61,44,0,0,198,0,0
"Findlay, OH","22300",2011,15,15,0,0,0,0,0,43,39,21,0,0,0,0,15
"Flagstaff, AZ","22380",2011,365,227,128,10,0,0,0,129,77,47,0,0,331,19,15
"Flint, MI","22420",2011,242,165,69,8,0,0,0,150,71,43,0,0,165,77,0
"Florence, SC","22500",2011,292,163,126,3,0,0,0,122,74,47,0,0,210,82,0
"Florence-Muscle Shoals, AL","22520",2011,279,189,89,1,0,0,0,101,63,44,0,0,187,92,0
"Fond du Lac, WI","22540",2011,198,176,15,7,0,0,0,140,54,40,0,0,198,0,0
"Fort Collins, CO","22660",2011,365,143,189,32,1,0,0,151,100,58,0,0,354,11,0
"Fort Madison-Keokuk, IA-IL-MO","22800",2011,117,49,68,0,0,0,0,83,71,52,0,0,0,117,0
"Fort Payne, AL","22840",2011,336,231,104,1,0,0,0,101,65,42,0,0,248,88,0
"Fort Smith, AR-OK","22900",2011,361,226,127,8,0,0,0,119,74,45,0,42,222,79,18
"Fort Wayne, IN","23060",2011,364,110,246,8,0,0,0,122,78,57,0,0,80,284,0
"Frankfort, KY","23180",2011,100,45,55,0,0,0,0,98,66,53,0,0,0,100,0
"Fredericksburg, TX","23240",2011,183,134,45,4,0,0,0,115,74,44,0,0,183,0,0
"Fresno, CA","23420",2011,365,26,216,83,40,0,0,197,152,80,0,0,154,211,0
"Gadsden, AL","23460",2011,275,180,95,0,0,0,0,99,64,44,0,0,173,102,0
"Gaffney, SC","23500",2011,259,182,69,7,1,0,0,159,74,46,0,0,259,0,0
"Gainesville, FL","23540",2011,356,183,171,2,0,0,0,109,66,49,0,0,103,253,0
"Gainesville, GA","23580",2011,351,94,257,0,0,0,0,99,73,57,0,0,0,351,0
"Gallup, NM","23700",2011,280,280,0,0,0,0,0,47,24,14,0,0,0,0,280
"Gardnerville Ranchos, NV","23820",2011,341,337,4,0,0,0,0,66,17,10,335,0,0,6,0
"Georgetown, SC","23860",2011,365,348,17,0,0,0,0,79,38,20,0,0,0,0,365
"Gettysburg, PA","23900",2011,362,121,236,5,0,0,0,140,75,55,1,1,108,252,0
"Gillette, WY","23940",2011,365,197,163,4,1,0,0,169,73,49,0,2,185,37,141
"Glenwood Springs, CO","24060",2011,365,119,214,32,0,0,0,133,100,61,0,0,365,0,0
"Goldsboro, NC","24140",2011,346,164,180,1,1,0,0,155,64,52,0,0,0,346,0
"Grand Island, NE","24260",2011,119,92,27,0,0,0,0,69,57,37,0,0,0,119,0
"Grand Junction, CO","24300",2011,365,191,164,10,0,0,0,119,80,50,0,0,321,33,11
"Grand Rapids-Wyoming, MI","24340",2011,365,202,155,5,3,0,0,156,71,47,0,0,123,242,0
"Grants Pass, OR","24420",2011,365,261,103,1,0,0,0,106,65,28,0,0,0,365,0
"Great Falls, MT","24500",2011,347,227,120,0,0,0,0,84,59,43,13,0,0,334,0
"Greeley, CO","24540",2011,365,206,147,12,0,0,0,136,84,47,12,0,312,41,0
"Green Bay, WI","24580",2011,364,135,221,7,1,0,0,195,81,55,0,0,72,292,0
"Greensboro-High Point, NC","24660",2011,361,151,199,11,0,0,0,140,84,53,0,0,135,226,0
"Greenville, NC","24780",2011,259,160,92,7,0,0,0,136,87,47,0,0,188,71,0
"Greenville-Anderson-Mauldin, SC","24860",2011,365,119,228,18,0,0,0,150,87,58,0,4,145,216,0
"Greenwood, SC","24940",2011,243,223,20,0,0,0,0,87,50,40,0,0,243,0,0
"Grenada, MS","24980",2011,106,67,39,0,0,0,0,77,61,47,0,0,0,106,0
"Guayama, PR","25020",2011,112,102,10,0,0,0,0,61,49,23,0,0,0,76,36
"Gulfport-Biloxi-Pascagoula, MS","25060",2011,365,139,215,11,0,0,0,129,77,53,0,5,92,268,0
"Hagerstown-Martinsburg, MD-WV","25180",2011,354,122,226,6,0,0,0,147,77,54,0,0,78,276,0
"Hammond, LA","25220",2011,121,71,50,0,0,0,0,88,61,47,0,0,0,121,0
"Hanford-Corcoran, CA","25260",2011,365,78,205,67,15,0,0,185,129,73,0,0,170,189,6
"Harrisburg-Carlisle, PA","25420",2011,365,103,246,16,0,0,0,150,86,60,0,3,79,283,0
"Harrison, AR","25460",2011,365,264,99,2,0,0,0,108,64,43,0,0,314,51,0
"Harrisonburg, VA","25500",2011,365,272,91,2,0,0,0,112,64,38,0,109,172,84,0
"Hartford-West Hartford-East Hartford, CT","25540",2011,365,217,139,5,4,0,0,166,71,46,9,29,125,202,0
"Hattiesburg, MS","25620",2011,298,79,219,0,0,0,0,91,68,55,0,0,0,298,0
"Helena, MT","25740",2011,365,247,116,2,0,0,0,115,60,44,0,0,194,171,0
"Helena-West Helena, AR","25760",2011,119,47,72,0,0,0,0,85,67,53,0,0,0,119,0
"Hermiston-Pendleton, OR","25840",2011,362,274,87,1,0,0,0,104,66,39,0,0,139,223,0
"Hickory-Lenoir-Morganton, NC","25860",2011,365,130,232,3,0,0,0,105,71,54,0,0,79,286,0
"Hilo, HI","25900",2011,365,83,282,0,0,0,0,85,68,58,0,0,0,365,0
"Hobbs, NM","26020",2011,360,225,128,7,0,0,0,120,71,46,0,21,200,138,1
"Holland, MI","26090",2011,242,163,70,6,3,0,0,179,77,40,0,0,164,78,0
"Homosassa Springs, FL","26140",2011,116,91,25,0,0,0,0,86,54,36,0,0,0,116,0
"Hot Springs, AR","26300",2011,122,39,83,0,0,0,0,85,67,54,0,0,0,122,0
"Houghton, MI","26340",2011,121,112,9,0,0,0,0,88,46,17,0,0,0,121,0
"Houma-Thibodaux, LA","26380",2011,365,228,131,6,0,0,0,133,67,44,0,0,162,203,0
"Houston-The Woodlands-Sugar Land, TX","26420",2011,365,39,269,44,11,2,0,207,122,61,0,5,105,249,6
"Huntington, IN","26540",2011,183,151,30,2,0,0,0,115,64,43,0,0,183,0,0
"Huntington-Ashland, WV-KY-OH","26580",2011,365,95,255,14,1,0,0,151,85,57,0,0,43,320,2
"Huntsville, AL","26620",2011,331,194,133,4,0,0,0,126,80,46,0,0,190,88,53
"Idaho Falls, ID","26820",2011,363,295,68,0,0,0,0,93,58,45,0,0,358,5,0
"Indiana, PA","26860",2011,306,255,44,7,0,0,0,140,64,39,0,0,306,0,0
"Indianapolis-Carmel-Anderson, IN","26900",2011,365,20,315,29,1,0,0,159,94,65,0,0,52,313,0
"Iowa City, IA","26980",2011,364,94,270,0,0,0,0,97,74,56,0,0,0,363,1
"Ithaca, NY","27060",2011,289,269,20,0,0,0,0,90,49,35,0,0,289,0,0
"Jackson, MS","27140",2011,365,70,288,7,0,0,0,150,74,58,0,0,57,308,0
"Jackson, TN","27180",2011,54,54,0,0,0,0,0,33,23,14,0,0,0,0,54
"Jackson, WY-ID","27220",2011,365,269,96,0,0,0,0,90,64,45,5,0,343,16,1
"Jacksonville, FL","27260",2011,365,214,140,8,3,0,0,184,74,46,2,1,197,165,0
"Jamestown-Dunkirk-Fredonia, NY","27460",2011,365,293,66,5,1,0,0,159,64,39,0,0,333,32,0
"Janesville-Beloit, WI","27500",2011,192,152,37,3,0,0,0,108,74,41,0,0,192,0,0
"Jasper, IN","27540",2011,119,41,77,1,0,0,0,109,74,56,0,0,0,119,0
"Jefferson City, MO","27620",2011,245,205,40,0,0,0,0,100,58,43,0,0,245,0,0
"Johnstown, PA","27780",2011,361,128,227,6,0,0,0,122,80,56,0,11,74,275,1
"Joplin, MO","27900",2011,365,237,107,18,3,0,0,172,90,43,0,0,211,0,154
"Juneau, AK","27940",2011,353,253,100,0,0,0,0,89,62,31,0,0,0,345,8
"Kahului-Wailuku-Lahaina, HI","27980",2011,320,283,37,0,0,0,0,65,52,29,0,0,0,320,0
"Kalamazoo-Portage, MI","28020",2011,231,152,71,8,0,0,0,133,72,43,0,0,143,88,0
"Kalispell, MT","28060",2011,365,221,144,0,0,0,0,89,65,45,0,0,159,205,1
"Kansas City, MO-KS","28140",2011,365,83,245,33,4,0,0,172,101,61,0,5,130,229,1
"Kapaa, HI","28180",2011,274,255,19,0,0,0,0,64,47,23,5,42,0,227,0
"Keene, NH","28300",2011,365,209,152,4,0,0,0,134,76,45,0,0,150,215,0
"Kennewick-Richland, WA","28420",2011,363,305,57,1,0,0,0,102,57,28,0,0,0,336,27
"Killeen-Temple, TX","28660",2011,362,279,71,12,0,0,0,136,77,42,0,0,362,0,0
"Kingsport-Bristol-Bristol, TN-VA","28700",2011,365,256,103,6,0,0,0,126,74,44,2,95,197,71,0
"Kingston, NY","28740",2011,360,330,26,4,0,0,0,122,50,38,0,0,360,0,0
"Kingsville, TX","28780",2011,237,108,128,1,0,0,0,109,65,52,0,0,0,237,0
"Kinston, NC","28820",2011,259,164,90,4,1,0,0,162,74,45,0,0,166,93,0
"Klamath Falls, OR","28900",2011,360,221,125,14,0,0,0,130,82,36,0,0,0,359,1
"Knoxville, TN","28940",2011,365,41,284,38,2,0,0,168,101,63,0,0,138,221,6
"Kokomo, IN","29020",2011,110,47,63,0,0,0,0,85,71,54,0,0,0,110,0
"La Crosse-Onalaska, WI-MN","29100",2011,316,207,109,0,0,0,0,100,66,44,0,0,144,172,0
"La Grande, OR","29260",2011,363,267,91,4,1,0,0,153,63,29,0,0,0,363,0
"Laconia, NH","29060",2011,211,193,18,0,0,0,0,93,49,35,0,0,169,42,0
"Lafayette, LA","29180",2011,365,126,234,5,0,0,0,133,72,54,0,0,82,282,1
"Lafayette-West Lafayette, IN","29200",2011,357,115,240,2,0,0,0,122,75,56,0,0,56,301,0
"Lake Charles, LA","29340",2011,365,169,187,9,0,0,0,133,75,52,0,1,140,224,0
"Lake City, FL","29380",2011,365,169,195,1,0,0,0,112,68,52,0,0,83,282,0
"Lake Havasu City-Kingman, AZ","29420",2011,108,105,3,0,0,0,0,89,33,18,0,0,0,82,26
"Lakeland-Winter Haven, FL","29460",2011,362,191,168,2,1,0,0,151,66,49,0,0,125,237,0
"Lancaster, PA","29540",2011,365,93,252,17,3,0,0,161,90,60,0,2,71,292,0
"Lansing-East Lansing, MI","29620",2011,364,286,75,3,0,0,0,122,63,37,0,16,288,60,0
"Laramie, WY","29660",2011,365,230,131,4,0,0,0,108,71,47,0,0,277,13,75
"Laredo, TX","29700",2011,350,164,183,3,0,0,0,104,71,52,0,0,44,291,15
"Las Cruces, NM","29740",2011,365,116,219,22,3,1,4,818,95,59,0,10,181,56,118
"Las Vegas-Henderson-Paradise, NV","29820",2011,365,106,210,47,2,0,0,161,105,58,0,0,253,106,6
"Laurel, MS","29860",2011,118,34,84,0,0,0,0,91,72,56,0,0,0,118,0
"Lawrenceburg, TN","29980",2011,254,168,84,2,0,0,0,115,67,46,0,0,213,41,0
"Lawton, OK","30020",2011,365,135,208,21,1,0,0,154,90,54,0,0,178,187,0
"Lebanon, PA","30140",2011,306,137,155,13,1,0,0,151,84,53,0,0,145,161,0
"Lewiston, ID-WA","30300",2011,365,305,60,0,0,0,0,74,56,28,0,0,0,365,0
"Lewiston-Auburn, ME","30340",2011,365,234,131,0,0,0,0,93,64,41,0,0,76,289,0
"Lexington, NE","30420",2011,60,54,6,0,0,0,0,93,51,21,0,0,0,0,60
"Lexington-Fayette, KY","30460",2011,365,135,222,8,0,0,0,140,75,54,0,1,78,286,0
"Lima, OH","30620",2011,364,246,109,9,0,0,0,119,74,41,0,0,156,208,0
"Lincoln, NE","30700",2011,365,320,45,0,0,0,0,88,52,30,110,0,161,94,0
"Little Rock-North Little Rock-Conway, AR","30780",2011,365,61,286,18,0,0,0,147,84,59,0,3,64,298,0
"Logan, UT-ID","30860",2011,365,145,210,4,6,0,0,175,76,53,0,8,100,257,0
"Longview, TX","30980",2011,346,254,69,21,2,0,0,159,90,39,0,13,333,0,0
"Longview, WA","31020",2011,363,311,52,0,0,0,0,80,53,18,0,0,0,363,0
"Los Alamos, NM","31060",2011,110,103,7,0,0,0,0,93,32,14,0,0,0,110,0
"Los Angeles-Long Beach-Anaheim, CA","31080",2011,365,1,243,82,36,3,0,218,151,82,0,13,145,206,1
"Louisville/Jefferson County, KY-IN","31140",2011,365,41,283,33,8,0,0,187,105,64,0,0,88,277,0
"Lubbock, TX","31180",2011,320,203,114,3,0,0,0,136,62,42,0,0,0,320,0
"Ludington, MI","31220",2011,183,159,20,3,1,0,0,172,61,38,0,0,183,0,0
"Lumberton, NC","31300",2011,121,58,63,0,0,0,0,100,66,52,0,0,0,121,0
"Lynchburg, VA","31340",2011,112,71,41,0,0,0,0,73,60,44,0,0,0,112,0
"Macon, GA","31420",2011,364,108,242,13,1,0,0,151,87,57,0,0,69,295,0
"Madera, CA","31460",2011,365,20,267,63,15,0,0,179,133,74,0,0,114,248,3
"Madison, WI","31540",2011,359,180,177,2,0,0,0,106,74,50,0,0,101,258,0
"Malone, NY","31660",2011,360,355,4,1,0,0,0,104,25,12,0,200,160,0,0
"Manchester-Nashua, NH","31700",2011,365,296,66,2,1,0,0,161,58,39,5,0,298,62,0
"Manhattan, KS","31740",2011,302,233,64,5,0,0,0,129,74,41,0,0,302,0,0
"Manitowoc, WI","31820",2011,194,168,19,5,2,0,0,187,61,37,0,0,194,0,0
"Marietta, OH","31930",2011,211,158,49,4,0,0,0,143,74,42,0,0,211,0,0
"Marion, NC","32000",2011,357,164,193,0,0,0,0,85,67,52,0,0,0,357,0
"Marshall, MN","32140",2011,356,267,88,1,0,0,0,101,61,41,0,0,150,206,0
"Marshall, TX","32220",2011,365,139,208,17,0,1,0,215,84,54,0,0,146,219,0
"Mason City, IA","32380",2011,358,347,11,0,0,0,0,62,34,19,0,0,0,0,358
"Mayaguez, PR","32420",2011,67,60,7,0,0,0,0,61,51,27,0,0,0,67,0
"McAlester, OK","32540",2011,365,126,215,22,2,0,0,156,90,57,0,0,176,189,0
"McAllen-Edinburg-Mission, TX","32580",2011,365,173,191,1,0,0,0,101,69,52,0,0,63,302,0
"Medford, OR","32780",2011,363,231,129,3,0,0,0,121,78,43,0,0,142,221,0
"Memphis, TN-MS-AR","32820",2011,365,99,231,29,6,0,0,174,97,57,0,9,119,237,0
"Merced, CA","32900",2011,362,70,232,58,2,0,0,156,115,67,0,0,143,219,0
"Meridian, MS","32940",2011,363,136,227,0,0,0,0,100,68,53,0,0,36,327,0
"Miami, OK","33060",2011,365,152,197,16,0,0,0,143,80,53,0,0,104,261,0
"Miami-Fort Lauderdale-West Palm Beach, FL","33100",2011,365,126,230,8,1,0,0,176,69,53,0,1,35,329,0
"Michigan City-La Porte, IN","33140",2011,235,151,69,13,2,0,0,174,90,43,0,0,161,74,0
"Middlesborough, KY","33180",2011,263,190,73,0,0,0,0,97,65,44,0,0,219,44,0
"Milwaukee-Waukesha-West Allis, WI","33340",2011,365,148,206,10,1,0,0,195,78,54,0,4,95,266,0
"Minneapolis-St. Paul-Bloomington, MN-WI","33460",2011,365,120,242,3,0,0,0,133,74,55,0,1,56,303,5
"Missoula, MT","33540",2011,365,71,237,49,8,0,0,160,113,62,0,0,17,347,1
"Mobile, AL","33660",2011,304,188,109,7,0,0,0,122,80,45,0,0,190,93,21
"Modesto, CA","33700",2011,365,82,212,57,14,0,0,169,122,67,0,0,154,211,0
"Monroe, LA","33740",2011,365,134,231,0,0,0,0,100,68,54,0,0,85,280,0
"Monroe, MI","33780",2011,127,67,60,0,0,0,0,82,71,49,0,0,0,127,0
"Montgomery, AL","33860",2011,283,154,126,3,0,0,0,108,77,49,0,0,178,105,0
"Morehead City, NC","33980",2011,272,239,33,0,0,0,0,87,51,39,0,0,272,0,0
"Morgantown, WV","34060",2011,257,170,86,1,0,0,0,119,67,44,0,0,153,104,0
"Morristown, TN","34100",2011,245,162,75,8,0,0,0,147,80,46,0,0,245,0,0
"Moscow, ID","34140",2011,365,342,23,0,0,0,0,74,38,14,0,0,0,365,0
"Moses Lake, WA","34180",2011,345,301,44,0,0,0,0,81,55,27,0,0,0,345,0
"Mount Vernon, IL","34500",2011,212,143,64,5,0,0,0,126,74,45,0,0,212,0,0
"Mount Vernon, OH","34540",2011,214,166,41,7,0,0,0,147,67,42,0,0,214,0,0
"Mount Vernon-Anacortes, WA","34580",2011,365,345,20,0,0,0,0,86,43,29,0,22,154,189,0
"Muncie, IN","34620",2011,242,154,85,3,0,0,0,112,69,44,0,0,151,91,0
"Muscatine, IA","34700",2011,365,117,246,2,0,0,0,142,76,57,0,0,0,365,0
"Muskegon, MI","34740",2011,241,171,62,5,3,0,0,197,67,42,0,0,158,83,0
"Muskogee, OK","34780",2011,365,301,64,0,0,0,0,96,58,29,0,0,0,5,360
"Myrtle Beach-Conway-North Myrtle Beach, SC-NC","34820",2011,259,225,34,0,0,0,0,90,58,41,0,0,259,0,0
"Napa, CA","34900",2011,365,192,171,2,0,0,0,120,69,49,2,10,105,247,1
"Naples-Immokalee-Marco Island, FL","34940",2011,365,227,136,2,0,0,0,110,59,44,0,0,80,285,0
"Nashville-Davidson--Murfreesboro--Franklin, TN","34980",2011,365,120,225,19,1,0,0,151,90,55,0,6,127,232,0
"Natchez, MS-LA","35020",2011,174,139,34,1,0,0,0,101,67,41,0,0,174,0,0
"New Castle, IN","35220",2011,120,56,64,0,0,0,0,93,70,52,0,0,0,120,0
"New Castle, PA","35260",2011,365,310,51,4,0,0,0,129,58,33,4,0,267,0,94
"New Haven-Milford, CT","35300",2011,365,181,170,8,6,0,0,195,79,51,0,25,121,219,0
"New Orleans-Metairie, LA","35380",2011,365,65,271,28,1,0,0,162,97,60,0,1,105,259,0
"New York-Newark-Jersey City, NY-NJ-PA","35620",2011,365,40,292,23,9,1,0,209,98,64,0,16,75,272,2
"Niles-Benton Harbor, MI","35660",2011,243,158,73,9,3,0,0,177,80,43,0,0,165,78,0
"Nogales, AZ","35700",2011,352,209,141,2,0,0,0,104,73,44,0,0,0,34,318
"North Port-Sarasota-Bradenton, FL","35840",2011,365,156,202,7,0,0,0,143,65,52,0,0,82,283,0
"Norwich-New London, CT","35980",2011,238,167,60,10,1,0,0,156,74,42,0,0,156,82,0
"Ocala, FL","36100",2011,365,197,164,4,0,0,0,119,67,48,0,0,124,241,0
"Odessa, TX","36220",2011,365,181,180,4,0,0,0,130,67,51,0,0,0,365,0
"Ogden-Clearfield, UT","36260",2011,365,158,184,18,5,0,0,160,93,53,0,11,214,138,2
"Oklahoma City, OK","36420",2011,365,85,236,42,2,0,0,156,108,61,0,14,176,173,2
"Olympia-Tumwater, WA","36500",2011,363,304,58,1,0,0,0,104,57,31,0,0,150,213,0
"Omaha-Council Bluffs, NE-IA","36540",2011,365,86,274,5,0,0,0,112,80,59,0,0,59,231,75
"Orlando-Kissimmee-Sanford, FL","36740",2011,365,151,202,12,0,0,0,136,73,53,0,0,111,254,0
"Othello, WA","36830",2011,363,332,31,0,0,0,0,64,47,24,0,0,0,363,0
"Owensboro, KY","36980",2011,365,160,189,16,0,0,0,147,84,52,0,10,134,221,0
"Oxford, NC","37080",2011,212,130,78,3,1,0,0,156,90,49,0,0,212,0,0
"Oxnard-Thousand Oaks-Ventura, CA","37100",2011,365,208,141,14,2,0,0,151,84,48,0,6,312,47,0
"Paducah, KY-IL","37140",2011,365,178,181,5,1,0,0,159,74,51,0,13,102,250,0
"Pahrump, NV","37220",2011,365,346,18,1,0,0,0,120,32,20,0,0,0,0,365
"Palatka, FL","37260",2011,356,353,3,0,0,0,0,61,29,17,0,0,0,0,356
"Palm Bay-Melbourne-Titusville, FL","37340",2011,365,215,148,2,0,0,0,105,61,47,0,0,132,233,0
"Panama City, FL","37460",2011,364,174,187,3,0,0,0,105,66,51,0,0,100,264,0
"Parkersburg-Vienna, WV","37620",2011,257,159,96,2,0,0,0,147,71,44,0,0,152,105,0
"Payson, AZ","37740",2011,365,208,141,16,0,0,0,143,87,48,0,0,175,9,181
"Pensacola-Ferry Pass-Brent, FL","37860",2011,365,141,205,19,0,0,0,147,77,53,0,0,124,241,0
"Peoria, IL","37900",2011,365,104,258,2,1,0,0,159,70,56,0,0,59,306,0
"Philadelphia-Camden-Wilmington, PA-NJ-DE-MD","37980",2011,365,49,285,19,12,0,0,192,99,64,0,6,86,273,0
"Phoenix-Mesa-Scottsdale, AZ","38060",2011,365,13,219,86,22,12,13,2403,166,88,0,3,75,77,210
"Pittsburgh, PA","38300",2011,365,40,278,43,4,0,0,186,105,67,0,0,62,303,0
"Pittsfield, MA","38340",2011,363,165,194,3,1,0,0,156,75,52,0,0,63,300,0
"Platteville, WI","38420",2011,149,82,67,0,0,0,0,86,69,48,0,0,0,149,0
"Pocatello, ID","38540",2011,365,320,44,1,0,0,0,101,54,24,0,0,0,161,204
"Ponca City, OK","38620",2011,285,175,87,23,0,0,0,143,97,46,0,0,260,25,0
"Ponce, PR","38660",2011,175,160,15,0,0,0,0,63,47,27,25,0,0,57,93
"Port Angeles, WA","38820",2011,365,282,83,0,0,0,0,78,57,41,0,0,178,187,0
"Port St. Lucie, FL","38940",2011,365,225,140,0,0,0,0,100,60,46,0,0,152,213,0
"Portland-South Portland, ME","38860",2011,365,252,108,4,1,0,0,161,66,41,0,5,194,165,1
"Portland-Vancouver-Hillsboro, OR-WA","38900",2011,365,230,118,14,3,0,0,153,79,41,0,1,150,214,0
"Portsmouth, OH","39020",2011,365,296,69,0,0,0,0,94,56,22,0,0,0,119,246
"Prescott, AZ","39140",2011,243,168,72,3,0,0,0,126,74,44,0,0,179,63,1
"Price, UT","39220",2011,272,158,113,1,0,0,0,108,77,49,0,3,269,0,0
"Prineville, OR","39260",2011,356,241,109,6,0,0,0,143,73,28,0,0,0,356,0
"Providence-Warwick, RI-MA","39300",2011,365,137,215,13,0,0,0,150,78,54,0,0,100,265,0
"Provo-Orem, UT","39340",2011,365,157,199,9,0,0,0,137,79,52,0,31,156,178,0
"Pueblo, CO","39380",2011,126,114,12,0,0,0,0,82,49,27,0,0,0,103,23
"Pullman, WA","39420",2011,363,315,48,0,0,0,0,73,52,24,0,0,0,363,0
"Quincy, IL-MO","39500",2011,365,337,28,0,0,0,0,100,49,37,0,0,365,0,0
"Racine, WI","39540",2011,192,150,35,5,2,0,0,190,67,40,0,0,192,0,0
"Raleigh, NC","39580",2011,365,141,200,22,2,0,0,156,87,54,0,0,158,207,0
"Rapid City, SD","39660",2011,365,270,95,0,0,0,0,94,58,44,0,3,228,56,78
"Reading, PA","39740",2011,365,134,220,11,0,0,0,143,80,55,1,4,90,270,0
"Red Bluff, CA","39780",2011,365,133,217,15,0,0,0,122,84,55,0,0,162,202,1
"Red Wing, MN","39860",2011,186,173,11,2,0,0,0,112,49,39,0,0,186,0,0
"Redding, CA","39820",2011,365,263,96,5,1,0,0,153,71,44,0,0,351,14,0
"Reno, NV","39900",2011,365,197,164,4,0,0,0,136,74,49,0,27,229,90,19
"Richmond, VA","40060",2011,365,173,170,20,2,0,0,197,80,52,1,34,128,201,1
"Richmond-Berea, KY","40080",2011,117,67,50,0,0,0,0,77,63,47,0,0,0,117,0
"Riverside-San Bernardino-Ontario, CA","40140",2011,365,3,189,97,67,8,1,318,172,96,0,1,172,152,40
"Riverton, WY","40180",2011,365,201,162,2,0,0,0,136,77,49,0,0,318,39,8
"Roanoke, VA","40220",2011,365,144,220,1,0,0,0,112,73,53,0,10,96,258,1
"Rochester, MN","40340",2011,360,203,157,0,0,0,0,99,70,46,0,0,73,287,0
"Rochester, NY","40380",2011,357,266,90,1,0,0,0,112,61,38,6,7,163,181,0
"Rock Springs, WY","40540",2011,365,229,131,5,0,0,0,108,71,48,0,5,310,10,40
"Rockford, IL","40420",2011,365,329,35,1,0,0,0,115,50,32,18,0,347,0,0
"Rockland, ME","40500",2011,181,166,12,3,0,0,0,115,49,34,0,0,181,0,0
"Rocky Mount, NC","40580",2011,298,148,143,7,0,0,0,122,77,51,0,0,82,216,0
"Rome, GA","40660",2011,360,111,248,0,1,0,0,163,73,57,0,0,0,360,0
"Roseburg, OR","40700",2011,360,286,74,0,0,0,0,95,58,27,0,0,0,360,0
"Roswell, NM","40740",2011,119,92,27,0,0,0,0,99,59,34,0,0,0,114,5
"Ruidoso, NM","40760",2011,105,88,17,0,0,0,0,81,55,22,0,0,0,105,0
"Russellville, AR","40780",2011,119,29,90,0,0,0,0,85,69,55,0,0,0,119,0
"Rutland, VT","40860",2011,365,159,200,6,0,0,0,116,75,52,6,6,0,353,0
"Sacramento--Roseville--Arden-Arcade, CA","40900",2011,365,78,209,56,22,0,0,182,136,67,0,1,161,202,1
"Salem, OH","41400",2011,61,61,0,0,0,0,0,37,32,20,0,0,0,0,61
"Salem, OR","41420",2011,365,277,88,0,0,0,0,96,65,34,0,0,121,244,0
"Salinas, CA","41500",2011,365,293,72,0,0,0,0,77,54,41,0,3,202,148,12
"Salisbury, MD-DE","41540",2011,365,263,86,15,1,0,0,172,80,42,0,0,315,50,0
"Salt Lake City, UT","41620",2011,365,165,170,27,3,0,0,160,99,51,0,27,194,135,9
"San Antonio-New Braunfels, TX","41700",2011,365,141,202,20,2,0,0,154,86,53,0,0,142,222,1
"San Diego-Carlsbad, CA","41740",2011,365,21,310,30,4,0,0,169,100,66,1,13,102,244,5
"San Francisco-Oakland-Hayward, CA","41860",2011,365,104,249,12,0,0,0,147,83,56,0,36,59,270,0
"San Jose-Sunnyvale-Santa Clara, CA","41940",2011,365,89,269,7,0,0,0,138,77,57,0,0,63,301,1
"San Juan-Carolina-Caguas, PR","41980",2011,365,330,35,0,0,0,0,69,50,30,38,0,111,72,144
"San Luis Obispo-Paso Robles-Arroyo Grande, CA","42020",2011,365,78,268,19,0,0,0,133,93,61,0,0,142,217,6
"Sandpoint, ID","41760",2011,340,340,0,0,0,0,0,37,17,9,0,0,0,0,340
"Santa Cruz-Watsonville, CA","42100",2011,365,293,72,0,0,0,0,80,54,41,0,0,177,188,0
"Santa Fe, NM","42140",2011,365,289,75,1,0,0,0,109,61,44,0,0,331,34,0
"Santa Maria-Santa Barbara, CA","42200",2011,365,90,272,2,1,0,0,161,66,55,0,1,98,264,2
"Santa Rosa, CA","42220",2011,365,225,140,0,0,0,0,96,64,40,0,4,126,234,1
"Sault Ste. Marie, MI","42300",2011,231,206,25,0,0,0,0,97,52,33,0,0,156,75,0
"Savannah, GA","42340",2011,364,150,204,8,2,0,0,163,76,53,0,0,52,312,0
"Scottsbluff, NE","42420",2011,189,146,43,0,0,0,0,87,61,45,0,0,133,56,0
"Scranton--Wilkes-Barre--Hazleton, PA","42540",2011,365,207,153,5,0,0,0,109,68,48,0,8,126,230,1
"Searcy, AR","42620",2011,116,38,78,0,0,0,0,81,71,54,0,0,0,116,0
"Seattle-Tacoma-Bellevue, WA","42660",2011,365,177,175,12,1,0,0,152,77,52,0,0,93,272,0
"Sebastian-Vero Beach, FL","42680",2011,346,316,30,0,0,0,0,87,49,38,0,0,346,0,0
"Sebring, FL","42700",2011,358,330,28,0,0,0,0,90,50,34,0,0,358,0,0
"Seneca, SC","42860",2011,272,182,88,2,0,0,0,110,66,44,0,0,178,94,0
"Sevierville, TN","42940",2011,363,192,148,22,1,0,0,151,93,50,0,0,363,0,0
"Seymour, IN","42980",2011,183,154,29,0,0,0,0,100,58,42,0,0,183,0,0
"Sheboygan, WI","43100",2011,189,150,26,11,1,1,0,206,77,41,0,0,189,0,0
"Shelton, WA","43220",2011,360,272,88,0,0,0,0,83,58,33,0,0,0,360,0
"Sheridan, WY","43260",2011,362,327,35,0,0,0,0,91,50,20,0,0,0,120,242
"Show Low, AZ","43320",2011,365,246,118,1,0,0,0,105,74,46,0,0,361,1,3
"Shreveport-Bossier City, LA","43340",2011,365,147,186,28,4,0,0,159,93,54,0,0,181,183,1
"Sierra Vista-Douglas, AZ","43420",2011,352,200,141,11,0,0,0,119,80,48,0,0,303,43,6
"Silver City, NM","43500",2011,348,291,54,3,0,0,0,126,58,43,0,0,330,14,4
"Sioux City, IA-NE-SD","43580",2011,365,188,177,0,0,0,0,100,67,50,0,0,87,275,3
"Sioux Falls, SD","43620",2011,365,217,147,1,0,0,0,105,64,46,0,7,132,226,0
"Somerset, KY","43700",2011,304,157,143,4,0,0,0,144,77,50,0,0,176,128,0
"Somerset, PA","43740",2011,342,310,31,1,0,0,0,115,49,36,0,0,342,0,0
"Sonora, CA","43760",2011,355,259,84,12,0,0,0,126,84,41,0,0,355,0,0
"South Bend-Mishawaka, IN-MI","43780",2011,363,125,225,12,1,0,0,161,77,56,0,9,64,290,0
"Spartanburg, SC","43900",2011,365,122,230,12,1,0,0,156,84,57,0,0,133,232,0
"Spokane-Spokane Valley, WA","44060",2011,365,185,174,1,5,0,0,154,75,50,1,0,75,272,17
"Springfield, IL","44100",2011,365,308,53,3,1,0,0,154,64,32,91,0,274,0,0
"Springfield, MA","44140",2011,365,172,180,11,2,0,0,162,80,52,0,6,131,228,0
"Springfield, MO","44180",2011,322,147,167,8,0,0,0,143,79,53,0,0,157,164,1
"Springfield, OH","44220",2011,365,140,210,15,0,0,0,140,80,54,0,0,110,255,0
"St. Cloud, MN","41060",2011,355,225,128,2,0,0,0,101,65,42,0,0,93,262,0
"St. George, UT","41100",2011,363,235,123,5,0,0,0,108,77,46,0,0,348,15,0
"St. Joseph, MO-KS","41140",2011,344,147,189,8,0,0,0,147,75,53,0,0,133,199,12
"St. Louis, MO-IL","41180",2011,365,43,275,36,11,0,0,192,108,65,0,2,110,213,40
"St. Marys, PA","41260",2011,358,327,30,1,0,0,0,112,50,35,0,0,358,0,0
"State College, PA","44300",2011,365,183,173,9,0,0,0,143,76,50,0,1,144,220,0
"Steamboat Springs, CO","44460",2011,343,331,12,0,0,0,0,91,32,15,0,0,0,0,343
"Stockton-Lodi, CA","44700",2011,365,128,194,36,7,0,0,158,103,57,0,1,147,214,3
"Summerville, GA","44900",2011,256,202,51,3,0,0,0,115,61,39,0,0,237,0,19
"Syracuse, NY","45060",2011,365,315,48,2,0,0,0,126,55,38,0,0,311,54,0
"Tahlequah, OK","45140",2011,292,206,69,17,0,0,0,143,84,43,0,0,292,0,0
"Talladega-Sylacauga, AL","45180",2011,110,35,75,0,0,0,0,95,71,55,0,0,0,110,0
"Tallahassee, FL","45220",2011,365,142,216,6,1,0,0,159,79,54,0,0,81,284,0
"Tampa-St. Petersburg-Clearwater, FL","45300",2011,365,124,225,16,0,0,0,143,81,54,0,0,107,258,0
"Taos, NM","45340",2011,364,325,39,0,0,0,0,87,51,19,0,0,0,350,14
"Terre Haute, IN","45460",2011,360,114,239,7,0,0,0,127,82,58,0,0,46,314,0
"Texarkana, TX-AR","45500",2011,61,22,39,0,0,0,0,79,66,53,0,0,0,61,0
"The Dalles, OR","45520",2011,365,313,52,0,0,0,0,87,55,23,0,0,0,365,0
"Toledo, OH","45780",2011,365,161,193,11,0,0,0,147,77,52,0,0,78,284,3
"Topeka, KS","45820",2011,365,254,102,9,0,0,0,147,71,43,0,0,299,57,9
"Torrington, CT","45860",2011,359,312,44,3,0,0,0,150,53,38,6,7,316,30,0
"Traverse City, MI","45900",2011,179,154,20,5,0,0,0,147,61,39,0,0,179,0,0
"Trenton, NJ","45940",2011,365,180,172,10,3,0,0,159,74,51,0,0,134,231,0
"Truckee-Grass Valley, CA","46020",2011,365,233,111,20,1,0,0,154,87,44,0,0,323,42,0
"Tucson, AZ","46060",2011,365,166,179,20,0,0,0,144,90,51,0,8,246,46,65
"Tulsa, OK","46140",2011,365,61,258,39,7,0,0,179,112,64,0,0,134,227,4
"Tupelo, MS","46180",2011,362,163,199,0,0,0,0,87,65,52,0,0,72,290,0
"Tuscaloosa, AL","46220",2011,279,206,72,1,0,0,0,103,61,40,0,0,173,106,0
"Twin Falls, ID","46300",2011,350,311,39,0,0,0,0,70,52,30,0,0,0,350,0
"Tyler, TX","46340",2011,363,268,76,19,0,0,0,150,87,42,0,9,354,0,0
"Ukiah, CA","46380",2011,361,157,204,0,0,0,0,82,61,52,0,0,5,351,5
"Urban Honolulu, HI","46520",2011,365,206,158,1,0,0,0,101,61,43,0,0,45,318,2
"Utica-Rome, NY","46540",2011,365,237,128,0,0,0,0,93,62,43,0,0,177,188,0
"Valdosta, GA","46660",2011,339,40,289,9,1,0,0,155,84,62,0,0,0,339,0
"Vallejo-Fairfield, CA","46700",2011,365,199,157,9,0,0,0,147,77,47,0,2,166,197,0
"Vernal, UT","46860",2011,365,179,154,13,14,5,0,236,97,51,0,0,314,51,0
"Victoria, TX","47020",2011,327,286,37,4,0,0,0,133,54,32,0,0,327,0,0
"Vincennes, IN","47180",2011,353,236,111,4,2,0,0,154,70,44,0,0,266,87,0
"Vineland-Bridgeton, NJ","47220",2011,359,232,125,2,0,0,0,122,67,43,0,0,175,184,0
"Vineyard Haven, MA","47240",2011,286,236,41,7,1,1,0,208,59,41,0,0,236,50,0
"Virginia Beach-Norfolk-Newport News, VA-NC","47260",2011,365,184,166,15,0,0,0,144,79,50,0,14,115,236,0
"Visalia-Porterville, CA","47300",2011,365,49,168,93,55,0,0,195,159,84,0,0,183,182,0
"Wabash, IN","47340",2011,336,278,51,7,0,0,0,129,67,37,0,0,336,0,0
"Waco, TX","47380",2011,365,195,151,19,0,0,0,147,84,49,0,3,193,169,0
"Walla Walla, WA","47460",2011,363,298,65,0,0,0,0,86,57,28,0,0,0,306,57
"Walterboro, SC","47500",2011,349,175,171,2,1,0,0,164,68,50,0,0,98,251,0
"Warner Robins, GA","47580",2011,363,104,259,0,0,0,0,96,76,58,0,0,0,363,0
"Washington Court House, OH","47920",2011,340,280,51,9,0,0,0,140,67,37,0,0,340,0,0
"Washington-Arlington-Alexandria, DC-VA-MD-WV","47900",2011,365,56,270,29,10,0,0,187,105,61,0,8,104,253,0
"Waterloo-Cedar Falls, IA","47940",2011,364,148,216,0,0,0,0,100,69,53,0,0,67,297,0
"Watertown, SD","47980",2011,356,311,44,1,0,0,0,102,54,20,0,0,0,108,248
"Watertown-Fort Atkinson, WI","48020",2011,193,157,34,2,0,0,0,112,64,40,0,0,193,0,0
"Watertown-Fort Drum, NY","48060",2011,361,343,15,3,0,0,0,129,45,33,0,0,361,0,0
"Wausau, WI","48140",2011,198,174,24,0,0,0,0,100,51,39,0,0,198,0,0
"Weirton-Steubenville, WV-OH","48260",2011,365,112,243,10,0,0,0,133,83,58,0,0,58,306,1
"Wenatchee, WA","48300",2011,363,233,123,6,1,0,0,153,74,33,0,0,0,363,0
"Wheeling, WV-OH","48540",2011,363,122,233,8,0,0,0,126,81,56,0,0,77,286,0
"Whitewater-Elkhorn, WI","48580",2011,185,151,32,2,0,0,0,112,77,41,0,0,185,0,0
"Wichita Falls, TX","48660",2011,345,236,109,0,0,0,0,78,59,38,0,0,0,345,0
"Wichita, KS","48620",2011,365,183,159,23,0,0,0,150,93,50,0,62,238,55,10
"Williamsport, PA","48700",2011,314,291,22,1,0,0,0,101,47,33,0,0,302,0,12
"Wilmington, NC","48900",2011,361,237,122,2,0,0,0,120,63,43,0,0,83,278,0
"Wilmington, OH","48940",2011,214,131,61,19,3,0,0,161,101,47,0,0,214,0,0
"Winchester, VA-WV","49020",2011,365,183,181,1,0,0,0,101,69,50,0,0,65,300,0
"Winona, MN","49100",2011,120,88,32,0,0,0,0,73,59,29,0,0,0,120,0
"Winston-Salem, NC","49180",2011,365,108,241,16,0,0,0,147,83,56,0,0,110,255,0
"Worcester, MA-CT","49340",2011,365,191,168,5,1,0,0,159,70,48,0,14,115,236,0
"Yakima, WA","49420",2011,364,236,118,8,2,0,0,158,76,36,0,0,0,364,0
"York-Hanover, PA","49620",2011,365,97,255,13,0,0,0,147,82,59,0,5,82,277,1
"Youngstown-Warren-Boardman, OH-PA","49660",2011,365,105,249,11,0,0,0,150,80,56,0,0,75,290,0
"Yuba City, CA","49700",2011,365,92,252,20,1,0,0,152,90,58,0,3,103,259,0
"Yuma, AZ","49740",2011,363,251,98,14,0,0,0,140,80,41,0,0,171,32,160
